,Parish,n_banners
2522,Matosinhos,383
2144,Lumiar,367
457,Paranhos,349
2146,Marvila,344
2159,São Domingos De Benfica,337
2137,Benfica,332
2161,São João De Brito,329
2590,Ramalde,324
2139,Campolide,310
2665,Vila Nova De Gaia (Santa Marinha),298
1374,Santo António Dos Olivais,296
2585,Campanhã,287
2526,Senhora Da Hora,280
2154,Santa Maria De Belém,278
2655,Mafamude,274
2138,Campo Grande,268
2221,Oeiras E São Julião Da Barra,263
2163,São Jorge De Arroios,261
2649,Vila Do Conde,258
2127,Cascais,249
2588,Lordelo Do Ouro,233
391,Odivelas,222
2883,Amora,211
1631,Quarteira,207
659,Rio Tinto,206
2885,Corroios,201
2520,Leça Da Palmeira,196
2057,Carnide,194
2162,São João De Deus,192
2884,Arrentela,191
2168,São Sebastião Da Pedreira,188
2895,Setúbal (São Sebastião),183
2141,Coração De Jesus,183
2215,Algés,172
2132,Alcântara,170
2022,Leiria,158
2586,Cedofeita,158
1611,Faro (Sé),157
2458,Gondomar (São Cosme),151
2589,Massarelos,149
2591,Santo Ildefonso,148
2866,Montijo,148
2128,Estoril,147
2240,Sintra (Santa Maria E São Miguel),141
2587,Foz Do Douro,140
2177,Loures,137
1522,Santa Justa,137
2217,Carnaxide,135
152,Feira,133
2130,São Domingos De Rana,133
1644,Portimão,132
2237,Rio De Mouro,132
1938,Custóias,130
2629,Ermesinde,128
2131,Ajuda,124
2104,Venteira,124
561,Braga (São Vítor),123
2160,São Francisco Xavier,123
2456,Fânzeres,122
2220,Linda-A-Velha,120
2843,Laranjeiro,119
2225,Algueirão-Mem Martins,117
2242,Sintra (São Pedro De Penaferrim),114
2125,Alcabideche,112
2328,Valongo,112
2222,Paço De Arcos,111
175,São João Da Madeira,108
2633,Canidelo,108
758,Águas Santas,106
2584,Bonfim,106
2236,Queluz,106
2837,Cacilhas,106
1368,Coimbra (Santa Cruz),104
1591,Albufeira,103
314,Maia,102
2601,Póvoa De Varzim,102
300,Agualva,101
2836,Almada,101
1370,Coimbra (Sé Nova),100
2838,Caparica,99
2574,Penafiel,99
143,São João,97
1610,Faro (São Pedro),97
2521,Leça Do Balio,97
2153,Santa Isabel,96
2212,Pontinha,94
2133,Alto Do Pina,94
559,Braga (São José De São Lázaro),93
2167,São Paulo,92
2156,Santo Condestável,91
2841,Cova Da Piedade,91
2157,Santos-O-Velho,90
2264,Alverca Do Ribatejo,89
2227,Belas,87
2126,Carcavelos,87
1622,Lagos (São Sebastião),85
850,Vermoim,85
2136,Beato,84
2840,Costa Da Caparica,83
1983,São Mamede,82
2233,Monte Abraão,81
2200,Mafra,80
2583,Aldoar,80
2618,Santo Tirso,80
2893,Setúbal (Santa Maria Da Graça),80
231,Castelo Branco,80
67,Esgueira,79
2129,Parede,78
879,Nevogilde,77
2184,São Julião Do Tojal,77
2525,São Mamede De Infesta,75
2666,Vilar De Andorinho,74
2839,Charneca De Caparica,73
2882,Aldeia De Paio Pires,72
2848,Barreiro,72
2847,Alto Do Seixalinho,71
2102,Reboleira,71
2223,Porto Salvo,71
1621,Lagos (Santa Maria),70
2863,Afonsoeiro,69
2216,Barcarena,69
2099,Damaia,69
2623,Bougado (São Martinho),68
121,Oliveira De Azeméis,67
2182,Santo António Dos Cavaleiros,66
2667,Vilar Do Paraíso,66
309,São Brás,65
2462,São Pedro Da Cova,65
2149,Penha De França,65
2842,Feijó,64
1624,Almansil,64
2231,Massamá,63
2164,São José,63
2845,Sobreda,63
2096,Alfragide,63
2844,Pragal,63
2658,Pedroso,62
2381,São Lourenço,61
2523,Perafita,60
2098,Buraca,60
290,Santa Clara,60
1853,Valbom,60
1408,São Julião Da Figueira Da Foz,59
1629,Loulé (São Clemente),59
3099,Viana Do Castelo (Santa Maria Maior),59
2455,Baguim Do Monte (Rio Tinto),58
2887,Quinta Do Conde,58
2894,Setúbal (São Julião),58
2261,Torres Vedras (São Pedro E São Tiago),57
2489,Pedrouços,57
2892,Setúbal (Nossa Senhora Da Anunciada),57
2457,Foz Do Sousa,56
2140,Charneca,56
2101,Mina,56
2097,Brandoa,55
2155,Santa Maria Dos Olivais,55
2034,Marinha Grande,55
2228,Cacém,54
2888,Sesimbra (Castelo),54
2213,Póvoa De Santo Adrião,52
2592,Vitória,52
1377,São Martinho Do Bispo,51
35,Moita,51
2651,Avintes,51
2170,Sé,51
2023,Marrazes,51
2229,Casal De Cambra,50
3580,Viseu (Santa Maria De Viseu),49
3,Águeda,49
86,Anta,49
2850,Lavradio,49
1657,Tavira (Santa Maria),48
2230,Colares,48
2274,Vila Franca De Xira,48
2653,Gulpilhares,48
796,Anjos,47
1541,Horta Das Figueiras,46
2218,Caxias,46
496,Creixomil,45
1400,Buarcos,44
2135,Ameixoeira,43
2241,Sintra (São Martinho),43
100,Ílhavo (São Salvador),43
1409,Tavarede,43
1666,Vila Real De Santo António,42
1658,Tavira (Santiago),42
142,Ovar,42
2210,Famões,42
2235,Pêro Pinheiro,42
2846,Trafaria,41
2269,Póvoa De Santa Iria,41
2864,Alto-Estanqueiro-Jardia,40
2178,Moscavide,40
2823,Torres Novas (São Pedro),39
2095,Alfornelos,39
698,Azurém,39
2486,Gueifães,38
1007,Grijó,38
2628,Alfena,38
1369,Coimbra (São Bartolomeu),37
2180,Sacavém,37
63,Aradas,36
750,Serzedo,36
1664,Monte Gordo,36
650,Esposende,36
557,Braga (Maximinos),35
2482,Barca,35
3581,Viseu (São José),35
2886,Fernão Ferro,35
722,Guimarães (São Paio),35
1248,Fundão,35
2238,São João Das Lampas,34
2198,Ericeira,34
902,Caldas De Vizela (São Miguel),34
2790,Santarém (São Nicolau),34
1652,Silves,33
781,Brufe,33
3579,Viseu (Coração De Jesus),33
2630,Árvore,33
2833,Alcochete,33
2211,Olival De Basto,32
2791,Santarém (São Salvador),32
2224,Queijas,32
2810,Tomar (São João Baptista),32
575,Gualtar,32
2046,Graça,32
2188,Miragaia,32
2270,Santa Iria De Azoia,32
2260,Torres Vedras (Santa Maria Do Castelo E São Migue*,32
2100,Falagueira,32
2622,Bougado (Santiago),31
2519,Lavra,31
2661,São Félix Da Marinha,31
90,Silvalde,30
2480,Avioso (Santa Maria),30
2859,Baixa Da Banheira,30
2459,Jovim,30
560,Braga (São Vicente),30
603,Tenões,29
2214,Ramada,29
2152,Santa Engrácia,29
2201,Malveira,29
1630,Loulé (São Sebastião),29
2461,Melres,28
2700,Cartaxo,28
2239,São Marcos,28
2365,São Simão,28
2051,Peniche (Ajuda),27
1648,Armação De Pêra,27
2853,Verderena,27
2387,Amarante (São Gonçalo),27
1612,Montenegro,27
2537,Paços De Ferreira,27
576,Lamaçães,27
2821,Torres Novas (Santa Maria),26
2565,Guilhufe,26
2593,A Ver-O-Mar,26
2533,Freamunde,26
170,São João De Ver,26
721,Guimarães (Oliveira Do Castelo),26
481,Barcelos,26
756,Urgezes,25
2219,Cruz Quebrada-Dafundo,25
2641,Mindelo,25
2209,Caneças,25
251,Lomba,25
2183,São João Da Talha,24
98,Gafanha Da Nazaré,24
573,Fraião,24
2889,Sesimbra (Santiago),24
2789,Santarém (Marvila),24
901,Caldas De Vizela (São João),23
2869,Sarilhos Grandes,23
1384,Trouxemil,22
2867,Pegões,22
1554,Senhora Da Saúde,22
2699,Samora Correia,22
2179,Prior Velho,22
2874,Quinta Do Anjo,21
2268,Forte Da Casa,21
3098,Viana Do Castelo (Monserrate),21
1628,Boliqueime,21
2569,Milhundos,21
1542,Malagueira,21
3087,Meadela,20
661,Agrela,20
2604,Água Longa,20
2858,Alhos Vedros,20
2232,Mira-Sintra,20
1594,Olhos De Água,20
1592,Ferreiras,20
827,Lagoa,20
729,Mesão Frio,20
97,Gafanha Da Encarnação,19
2608,Couto (Santa Cristina),19
2030,Pousos,19
2303,Seixal,19
558,Braga (São João Do Souto),19
2662,São Pedro Da Afurada,19
566,Dume,19
2484,Gemunde,19
585,Nogueiró,18
2535,Meixomil,18
2625,Coronado (São Romão),18
2205,São Miguel De Alcainça,18
1617,Parchal,18
512,Igreja Nova,18
2660,Sandim,18
713,Fermentões,18
2166,São Nicolau,17
2460,Medas,17
1367,Coimbra (Almedina),17
2487,Milheirós,17
2669,Abrantes (São Vicente),16
2940,Caminha (Matriz),16
2659,Perosinho,16
2481,Avioso (São Pedro),16
2568,Marecos,16
92,Beduído,16
553,Adaúfe,16
2872,Pinhal Novo,16
2890,Gâmbia-Pontes-Alto Da Guerra,16
2524,Santa Cruz Do Bispo,16
578,Lomar,16
1641,Quelfes,16
2194,Azueira,16
1499,Covelo,15
2208,Vila Franca Do Rosário,15
2668,Abrantes (São João),15
1639,Olhão,15
2174,Camarate,15
704,Brito,15
711,Costa,15
2263,Alhandra,14
570,Este (São Pedro),14
480,Barcelinhos,14
2273,Vialonga,14
2255,Ponte Do Rol,14
450,Caldelas,14
2626,Guidões,14
2267,Castanheira Do Ribatejo,14
2654,Lever,14
2176,Frielas,14
183,Silva Escura,14
1785,Guarda (São Vicente),14
125,Pinheiro Da Bemposta,13
2147,Mercês,13
3554,Abraveses,13
747,Selho (São Jorge),13
169,Santa Maria De Lamas,13
165,Rio Meão,13
2627,Muro,13
1831,Ranhados,13
131,Vila De Cucujães,13
89,Paramos,12
171,São Paio De Oleiros,12
651,Fão,12
2547,Castelões De Cepeda,12
2142,Encarnação,12
2650,Vilar De Pinheiro,12
1105,Lousa,12
327,Santa Luzia,12
1364,Castelo Viegas,12
1618,Porches,12
2169,São Vicente De Fora,12
2624,Coronado (São Mamede),11
1378,São Paulo De Frades,11
699,Balazar,11
2606,Burgães,11
3080,Darque,11
2541,Seroa,11
2849,Coina,11
2696,Alpiarça,11
1381,Taveiro,11
647,Apúlia,11
548,Vila Frescainha (São Martinho),11
2570,Novelas,11
762,Covelas,11
2207,Venda Do Pinheiro,10
2528,Carvalhosa,10
95,Salreu,10
556,Braga (Cividade),10
2631,Azurara,10
900,Vilarinho,10
2692,Almeirim,10
88,Guetim,10
2234,Montelavar,10
24,Frossos,10
2272,Sobralinho,10
2226,Almargem Do Bispo,10
739,Ronfe,10
2611,Lamelas,10
579,Merelim (São Paio),10
2820,Torres Novas (Salvador),10
2607,Campo (São Martinho),10
2151,Sacramento,10
743,Sande (Vila Nova),10
91,Avanca,10
745,São Torcato,10
2855,Grândola,9
20,Albergaria-A-Velha,9
602,Tebosa,9
2605,Aves,9
191,Santa Catarina,9
150,Escapães,9
2652,Crestuma,9
2612,Monte Córdova,9
1642,Alvor,9
2891,Sado,8
1650,São Bartolomeu De Messines,8
742,Sande (São Martinho),8
488,Carreira,8
126,Santiago De Riba-Ul,8
2614,Negrelos (São Tomé),8
709,Conde,8
723,Guimarães (São Sebastião),8
156,Lobão,8
2747,Nossa Senhora Da Piedade,8
2563,Eja,8
2530,Eiriz,8
730,Moreira De Cónegos,8
2518,Guifões,8
74,São Bernardo,8
2871,Palmela,8
1373,Ribeira De Frades,8
99,Gafanha Do Carmo,7
2490,São Pedro Fins,7
851,Vila Nova De Famalicão,7
2596,Argivai,7
1382,Torre De Vilela,7
562,Braga (Sé),7
146,Argoncilhe,7
2764,Rio Maior,7
670,Fafe,7
3571,Rio De Loba,7
2567,Luzim,7
2852,Santo António Da Charneca,7
2173,Bucelas,6
2,Aguada De Cima,6
1947,Alcobaça,6
2181,Santo Antão Do Tojal,6
85,Sobrado,6
73,Santa Joana,6
2615,Rebordões,6
135,Oliveira Do Bairro,6
513,Lama,6
3416,Nelas,6
162,Nogueira Da Regedoura,6
1646,Alcantarilha,6
321,Luz,6
2145,Mártires,6
735,Polvoreira,6
2539,Raimonda,6
151,Espargo,6
599,Semelhe,6
159,Milheirós De Poiares,6
2165,São Miguel,6
2597,Beiriz,6
706,Candoso (Santiago),6
93,Fermelã,6
163,Paços De Brandão,6
1609,Estoi,6
569,Este (São Mamede),6
2663,Seixezelo,6
2865,Canha,6
2639,Macieira Da Maia,6
549,Vila Frescainha (São Pedro),6
2572,Paço De Sousa,6
1834,Atalaia,6
1537,Bacelo,6
2053,Peniche (São Pedro),5
2862,Vale Da Amoreira,5
365,Beja (São João Baptista),5
164,Pigeiros,5
3390,Mangualde,5
1615,Estômbar,5
1365,Ceira,5
1649,Pêra,5
1654,Cabanas De Tavira,5
2642,Modivas,5
2199,Gradil,5
2036,Nazaré,5
2698,Benavente,5
818,Calendário,5
3569,Repeses,5
2946,Vila Praia De Âncora,4
574,Gondizalves,4
2196,Cheleiros,4
1638,Moncarapacho,4
1640,Pechão,4
113,Carregosa,4
346,Messejana,4
2576,Rans,4
2562,Croca,4
748,Selho (São Lourenço),4
2664,Sermonde,4
1361,Assafarge,4
19,Valongo Do Vouga,4
767,Galegos,4
2172,Apelação,4
2491,Vila Nova Da Telha,4
843,Ribeirão,4
2029,Parceiros,4
2573,Paredes,4
2532,Frazão,4
2389,Ataíde,4
1553,Sé E São Pedro,4
2609,Couto (São Miguel),4
1445,Lagares,4
1605,Altura,4
2835,São Francisco,4
66,Eixo,4
1449,Oliveira Do Hospital,4
2072,Calvaria De Cima,4
2602,Rates,4
703,Briteiros (Santo Estêvão),4
2600,Navais,4
2527,Arreigada,4
2598,Estela,4
2877,Santiago Do Cacém,4
720,Guardizela,4
2595,Amorim,4
2112,Azambuja,4
657,Marinhas,3
915,Pombal,3
195,Vagos,3
2830,Alcácer Do Sal (Santiago),3
2558,Abragão,3
145,Válega,3
1357,Ameal,3
64,Cacia,3
1991,Caldas Da Rainha (Santo Onofre),3
582,Morreira,3
1665,Vila Nova De Cacela,3
1623,Odiáxere,3
2186,Lourinhã,3
1643,Mexilhoeira Grande,3
3158,Samaiões,3
15,Recardães,3
1708,Celorico (São Pedro),2
2531,Figueiró,2
1803,São Miguel Da Guarda,2
2513,Tuias,2
601,Tadim,2
1929,Trancoso (São Pedro),2
2439,Margaride (Santa Eulália),2
1670,Coruche,2
1347,Murtede,2
2064,Redinha,2
1645,São Brás De Alportel,2
2538,Penamaior,2
2634,Fajozes,2
2571,Oldrões,2
2485,Gondim,2
2322,Assunção,2
2546,Bitarães,2
2536,Modelos,2
1653,Tunes,2
114,Cesar,2
737,Prazins (Santa Eufémia),2
1662,Sagres,2
866,Duas Igrejas,2
3074,Areosa,2
78,Fornos,2
2897,Sines,2
117,Macinhata Da Seixa,2
1660,Budens,2
147,Arrifana,2
2829,Alcácer Do Sal (Santa Maria Do Castelo),2
755,Tabuadelo,2
2256,Ramalhal,2
1358,Antanhol,2
2603,Terroso,2
2077,Porto De Mós (São João Baptista),2
2078,Porto De Mós (São Pedro),2
115,Fajões,2
2705,Vila Chã De Ourique,2
2818,Riachos,2
3584,Campia,2
2468,Cristelos,2
680,Quinchães,2
1317,Fratel,2
1389,Condeixa-A-Nova,2
684,São Gens,2
2560,Cabeça Santa,2
1613,Santa Bárbara De Nexe,2
2870,Marateca,2
695,Aldão,2
108,Ventosa Do Bairro,2
2050,Ferrel,2
103,Casal Comba,2
2948,Vilarelho,2
2580,Santiago De Subarrifana,2
1310,Palhais,2
733,Pencelo,2
348,São João De Negrilhos,2
2049,Atouguia Da Baleia,2
2552,Rebordosa,2
2582,Valpedre,2
2566,Irivo,2
2550,Mouriz,2
16,Segadães,2
2786,Póvoa De Santarém,2
2111,Aveiras De Cima,2
2581,Sebolido,2
1616,Ferragudo,2
3331,Currelos,2
351,Gomes Aires,2
1740,Fornos De Algodres,2
144,São Vicente De Pereira Jusã,2
2742,Fátima,2
2175,Fanhões,2
2075,Mira De Aire,1
260,Madalena,1
1359,Antuzede,1
2671,Alferrarede,1
1661,Raposeira,1
118,Madail,1
2680,São Miguel Do Rio Torto,1
2678,Rossio Ao Sul Do Tejo,1
1659,Barão De São Miguel,1
1949,Aljubarrota (Prazeres),1
3352,Cinfães,1
3409,Mortágua,1
3034,Feitosa,1
94,Pardilhó,1
1990,Caldas Da Rainha (Nossa Senhora Do Pópulo),1
1596,Alcoutim,1
2638,Labruge,1
429,Ourique,1
1637,Monchique,1
1647,Algoz,1
2873,Poceirão,1
3292,Vila Pouca De Aguiar,1
1651,São Marcos Da Serra,1
1393,Sebal,1
427,Conceição,1
1607,Castro Marim,1
2083,Alenquer (Santo Estêvão),1
3055,Vilar Das Almas,1
3068,Valença,1
3041,Labruja,1
119,Nacieira De Sarnes,1
2788,Santa Iria Da Ribeira De Santarém,1
1540,Évora (São Mamede),1
600,Sequeira,1
598,Santa Lucrécia De Algeriz,1
2963,Roussas,1
845,Seide (São Paio),1
1434,Montemor-O-Velho,1
2544,Baltar,1
3456,Santa Comba Dão,1
2548,Cete,1
2813,Lapas,1
192,Santo André De Vagos,1
2052,Peniche (Conceição),1
831,Lousado,1
2556,Vandoma,1
809,Vieira Do Minho,1
1492,Soure,1
1850,Santa Eufémia,1
197,Cepelos,1
1928,Trancoso (Santa Maria),1
124,Pindelo,1
2120,Cercal,1
2819,Ribeira Branca,1
364,Beja (Santiago Maior),1
856,Barbudo,1
1453,São Paio De Gramaços,1
1793,Panoias De Cima,1
1953,Benedita,1
2343,Caia E São Pedro,1
1244,Donas,1
2259,Silveira,1
2475,Meinedo,0
2006,Bairradas,0
2473,Lustosa,0
2501,Maureles,0
2007,Campelo,0
2005,Arega,0
2502,Paços De Gaiolo,0
2474,Macieira,0
2015,Boa Vista,0
2503,Paredes De Viadores,0
2499,Magrelos,0
2472,Lousada (São Miguel),0
2004,Aguda,0
2003,Coentral,0
1944,Seixas,0
2471,Lousada (Santa Margarida),0
2470,Lodares,0
2648,Vairão,0
2647,Touguinhó,0
2500,Manhuncelos,0
2493,Ariz,0
1939,Freixo De Numão,0
2476,Ordem,0
2494,Avessadas,0
2010,Arrabal,0
2495,Banho E Carvalhosa,0
2011,Azoia,0
2488,Moreira,0
1942,Numão,0
2012,Bajouca,0
1941,Murça,0
2008,Figueiró Dos Vinhos,0
2496,Constance,0
2497,Favões,0
1940,Horta,0
2483,Folgosa,0
1943,Sebadelhe,0
2009,Amor,0
2013,Barosa,0
2498,Folhada,0
2014,Bidoeira De Cima,0
2479,Vilar Do Torno E Alentém,0
2492,Alpendurada E Matos,0
2477,Sousela,0
2478,Torno,0
1967,Maçãs De Caminho,0
2504,Penha Longa,0
1976,Lagarteira,0
1973,Ansião,0
2545,Beire,0
2543,Astromil,0
2542,Aguiar De Sousa,0
1958,Martingança,0
2540,Sanfins De Ferreira,0
1957,Maiorga,0
1974,Avelar,0
1975,Chão De Couce,0
2534,Lamoso,0
1956,Évora De Alcobaça,0
1972,Alvorge,0
2594,Aguçadoura,0
1977,Pousaflores,0
2529,Codessos,0
2599,Laundos,0
1978,Santiago Da Guarda,0
1979,Torre De Vale De Todos,0
1955,Coz,0
1980,Batalha,0
1981,Golpilheira,0
1982,Reguengo Do Fetal,0
1959,Montes,0
1971,Rego Da Murta,0
2505,Rio De Galinhas,0
2559,Boelhe,0
1966,Alvaiázere,0
2575,Perozelo,0
1968,Maçãs De Dona Maria,0
1969,Pelmá,0
2577,Recezinhos (São Mamede),0
1970,Pussos,0
2564,Figueira,0
2578,Recezinhos (São Martinho),0
2561,Capela,0
2579,Santa Marta,0
2557,Vila Cova De Carros,0
1960,Pataias,0
1965,Almoster,0
1964,Vimeiro,0
1963,Vestiaria,0
1962,Turquel,0
2555,Sobrosa,0
2554,Sobreira,0
2553,Recarei,0
2551,Parada De Todeia,0
1961,São Martinho Do Porto,0
2549,Gondalães,0
1954,Cela,0
1984,Bombarral,0
1985,Pó,0
2510,Tabuado,0
2632,Bagunte,0
1945,Touça,0
2512,Toutosa,0
2511,Torrão,0
2635,Ferreiró,0
2636,Fornelo,0
1998,Salir Do Porto,0
2637,Guilhabreu,0
1999,Serra Do Bouro,0
2000,Tornada,0
2640,Malta,0
1986,Roliça,0
2001,Vidais,0
2643,Outeiro Maior,0
2644,Retorta,0
2002,Castanheira De Pêra,0
2509,Sobretâmega,0
2508,Soalhães,0
2645,Tougues,0
2507,São Lourenço Do Douro,0
2506,Rosem,0
2646,Touguinha,0
2514,Várzea Da Ovelha E Aliviada,0
1946,Vila Nova De Foz Côa,0
1948,Alfeizerão,0
2515,Várzea Do Douro,0
1987,Vale Covo,0
2610,Guimarei,0
2613,Negrelos (São Mamede),0
2517,Vila Boa Do Bispo,0
2616,Refojos De Riba De Ave,0
2617,Reguenga,0
1988,A Dos Francos,0
1989,Alvorninha,0
1952,Bárrio,0
1992,Carvalhal Benfeito,0
2619,São Salvador Do Campo,0
1993,Coto,0
1994,Foz Do Arelho,0
2620,Sequeiró,0
2621,Alvarelhos,0
1995,Landal,0
1996,Nadadouro,0
1997,Salir De Matos,0
1951,Alpedriz,0
2516,Vila Boa De Quires,0
1950,Aljubarrota (São Vicente),0
2469,Figueiras,0
2412,Vila Caiz,0
2467,Cernadelo,0
2258,São Pedro Da Cadeira,0
2279,Paúl Do Mar,0
2280,Ponta Do Pargo,0
2055,Abiul,0
2281,Câmara De Lobos,0
2282,Curral Das Freiras,0
2283,Estreito De Câmara De Lobos,0
2284,Jardim Da Serra,0
2285,Quinta Grande,0
2286,Funchal (Santa Luzia),0
2287,Funchal (Santa Maria Maior),0
2288,Funchal (São Pedro),0
2289,Funchal (Sé),0
2290,Imaculado Coração De Maria,0
2291,São Gonçalo,0
2292,Água De Pena,0
2278,Jardim Do Mar,0
2277,Fajã Da Ovelha,0
2276,Estreito Da Calheta,0
2265,Cachoeiras,0
2067,Vermoil,0
2262,Turcifal,0
2066,São Simão De Litém,0
2065,Santiago De Litém,0
2063,Pelariga,0
2062,Meirinhas,0
2266,Calhandriz,0
2056,Albergaria Dos Doze,0
2061,Mata Mourisca,0
2060,Louriçal,0
2059,Ilha,0
2271,São João Dos Montes,0
2058,Carriço,0
2275,Arco Da Calheta,0
2293,Caniçal,0
2294,Machico,0
2295,Porto Da Cruz,0
2044,Usseira,0
2315,São Roque Do Faial,0
2048,Vila Facaia,0
2316,Boa Ventura,0
2317,São Vicente,0
2047,Pedrógão Grande,0
2045,Vau,0
2318,Alter Do Chão,0
2313,Faial,0
2319,Chancelaria,0
2320,Cunheira,0
2321,Seda,0
2043,Sobral Da Lagoa,0
2323,Alcôrrego,0
2324,Avis,0
2314,São Jorge,0
2312,Arco De São Jorge,0
2296,Santo António Da Serra,0
2054,Serra D' El-Rei,0
2297,Canhas,0
2298,Madalena Do Mar,0
2299,Ponta Do Sol,0
2300,Achadas Da Cruz,0
2301,Porto Moniz,0
2302,Ribeira Da Janela,0
2304,Porto Santo,0
2311,Gaula,0
2305,,0
2306,Campanário,0
2307,Ribeira Brava,0
2308,Serra De Água,0
2309,Camacha,0
2310,Caniço,0
2068,Vila Cã,0
2257,Runa,0
2326,Figueira E Barros,0
2069,Alqueidão Da Serra,0
2202,Milharado,0
2203,Santo Estêvão Das Galés,0
2121,Figueiros,0
2119,Cadaval,0
2204,Santo Isidoro,0
2118,Alguber,0
2206,Sobral Da Abelheira,0
2117,Vila Nova De São Pedro,0
2116,Vila Nova Da Rainha,0
2115,Vale Do Paraíso,0
2114,Manique Do Intendente,0
2113,Maçussa,0
2110,Aveiras De Baixo,0
2109,Alcoentre,0
2108,Santiago Dos Velhos,0
2122,Painho,0
2123,Pêro Moniz,0
2124,Vermelha,0
2192,Ribamar,0
2171,Socorro,0
2185,Unhos,0
2187,Marteleira,0
2189,Moita Dos Ferreiros,0
2190,Moledo,0
2191,Reguengo Grande,0
2193,São Bartolomeu Dos Galegos,0
2134,Alvalade,0
2158,São Cristóvão E São Lourenço,0
2195,Carvoeira,0
2150,Prazeres,0
2148,Pena,0
2197,Enxara Do Bispo,0
2143,Lapa,0
2107,Cardosas,0
2106,Arruda Dos Vinhos,0
2105,Arranhó,0
2249,Carmões,0
2243,Terrugem,0
2244,Santo Quintino,0
2245,Sapataria,0
2246,Sobral De Monte Agraço,0
2247,A Dos Cunhados,0
2248,Campelos,0
2250,Dois Portos,0
2074,Mendiga,0
2251,Freiria,0
2252,Matacães,0
2253,Maxial,0
2071,Arrimal,0
2254,Outeiro Da Cabeça,0
2070,Alvados,0
2073,Juncal,0
2076,Pedreiras,0
2103,Venda Nova,0
2088,Carregado,0
2094,Vila Verde Dos Francos,0
2093,Ribafria,0
2092,Pereiro De Palhacana,0
2091,Ota,0
2090,Olhalvo,0
2089,Meca,0
2087,Carnota,0
2079,Serro Ventoso,0
2086,Cadafais,0
2085,Cabanas De Torres,0
2084,Alenquer (Triana),0
2082,Aldeia Gavinha,0
2081,Aldeia Galega Da Merceana,0
2080,Abrigada,0
2325,Benavila,0
2327,Maranhão,0
2466,Casais,0
2398,Fregim,0
2025,Milagres,0
2414,Ancede,0
2415,Baião (Santa Leocádia),0
2416,Frende,0
2024,Memória,0
2417,Gestaçô,0
2418,Gove,0
2419,Grilo,0
2420,Loivos Da Ribeira,0
2421,Loivos Do Monte,0
2422,Mesquinhata,0
2423,Ovil,0
2424,Ribadouro,0
2425,Santa Cruz Do Douro,0
2426,Santa Marinha Do Zêzere,0
2026,Monte Real,0
2413,Vila Chã Do Marão,0
2027,Monte Redondo,0
2406,Mancelos,0
2400,Freixo De Cima,0
2401,Fridão,0
2402,Gatão,0
2403,Gouveia (São Simão),0
2404,Jazente,0
2405,Lufrei,0
2032,Santa Catarina Da Serra,0
2028,Ortigosa,0
2407,Olo,0
2031,Regueira De Pontes,0
2408,Padronelo,0
2409,Salvador Do Monte,0
2410,Sanche,0
2411,Telões,0
2427,São Tomé De Covelas,0
2428,Teixeiró,0
2429,Tresouras,0
2020,Colmeias,0
2450,Unhão,0
2451,Varziela,0
2452,Vila Cova Da Lixa,0
2453,Vila Fria,0
2454,Vizela (São Jorge),0
2021,Cortes,0
2019,Coimbrão,0
2448,Sousa,0
2018,Chainça,0
2017,Carvide,0
2016,Caranguejeira,0
2463,Barrosas (Santo Estêvão),0
2464,Boim,0
2465,Caíde De Rei,0
2449,Torrados,0
2447,Sernande,0
2430,Valadares,0
2437,Jugueiros,0
2431,Viariz,0
2432,Aião,0
2433,Airães,0
2434,Borba De Godim,0
2435,Caramos,0
2436,Idães,0
2438,Macieira Da Lixa,0
2446,Santão,0
2440,Pedreira,0
2441,Pombeiro De Ribavizela,0
2442,Rande,0
2443,Refontoura,0
2444,Regilde,0
2445,Revinhade,0
2399,Freixo De Baixo,0
2397,Figueiró (Santiago),0
2042,Olho Marinho,0
2396,Figueiró (Santa Cristina),0
2345,São Vicente E Ventosa,0
2346,Vila Boim,0
2347,Cabeço De Vide,0
2348,Fronteira,0
2349,São Saturnino,0
2350,Comenda,0
2038,A Dos Negros,0
2351,Margem,0
2352,Beirã,0
2353,Santa Maria De Marvão,0
2354,Santo António Das Areias,0
2355,São Salvador Da Aramenha,0
2356,Assumar,0
2357,Monforte,0
2358,Santo Aleixo,0
2344,São Brás E São Lourenço,0
2039,Gaeiras,0
2040,Óbidos (Santa Maria),0
2041,Óbidos (São Pedro),0
2329,Nossa Senhora Da Expectação,0
2330,Nossa Senhora Da Graça Dos Degolados,0
2331,São João Baptista,0
2332,Nossa Senhora Da Graça De Póvoa E Meadas,0
2333,Santa Maria Da Devesa,0
2334,Aldeia Da Mata,0
2335,Crato E Mártires,0
2342,Barbacena,0
2336,Flor Da Rosa,0
2337,Gáfete,0
2338,Monte Da Pedra,0
2339,Vale Do Peso,0
2340,"Ajuda, Salvador E Santo Ildefonso",0
2341,Alcáçova,0
2359,Vaiamonte,0
2360,Alpalhão,0
2361,Amieira Do Tejo,0
2033,Souto De Carpalhosa,0
2380,São Julião,0
2382,Urra,0
2383,Cano,0
2384,Casa Branca,0
2385,Sousel,0
2386,Aboadela,0
2388,Ansiães,0
2378,Reguengo,0
2390,Bustelo,0
2391,Canadelo,0
2392,Candemil,0
2393,Carneiro,0
2394,Carvalho De Rei,0
2395,Chapa,0
2379,Ribeira De Nisa,0
2377,Fortios,0
2362,Arez,0
2369,Longomel,0
2363,Montalvão,0
2364,Nossa Senhora Da Graça,0
2037,Valado Dos Frades,0
2366,Tolosa,0
2367,Foros De Arrão,0
2368,Galveias,0
2370,Montargil,0
2376,Carreiras,0
2371,Ponte De Sor,0
2372,Tramaga,0
2373,Vale De Açor,0
2374,Alagoa,0
2375,Alegrete,0
2035,Vieira De Leiria,0
0,Agadão,0
2800,Além Da Ribeira,0
2656,Olival,0
3310,Quintã,0
3300,Campeã,0
3301,Folhadela,0
3302,Guiães,0
3303,Justes,0
3304,Lamares,0
3305,Lamas De Olo,0
3306,Mateus,0
3307,Mondrões,0
3308,Mouçós,0
3309,Parada De Cunhos,0
3311,São Tomé Do Castelo,0
3298,Arroios,0
3312,Torgueda,0
3313,Vale De Nogueiras,0
3314,Vila Real (Nossa Senhora Da Conceição),0
3315,Vila Real (São Dinis),0
3316,Vila Real (São Pedro),0
3317,Vilarinho De Samardã,0
3318,Aricera,0
3319,Armamar,0
3320,Cimbres,0
3321,Fontelo,0
3299,Borbela,0
3297,Andrães,0
3271,São Pedro De Veiga De Lila,0
3283,Gouvães Da Serra,0
3273,Tinhela,0
3274,Valpaços,0
3275,Vassal,0
3276,Veiga De Lila,0
3277,Vilarandelo,0
3278,Afonsim,0
3279,Alfarela De Jales,0
3280,Bornes De Aguiar,0
3281,Bragado,0
3282,Capeludos,0
3284,Lixa Do Alvão,0
3296,Adoufe,0
3285,Parada De Monteiros,0
3286,Pensalvos,0
3287,Sabroso De Aguiar,0
3288,Santa Marta Da Montanha,0
3289,Soutelo De Aguiar,0
3290,Tresminas,0
3291,Valoura,0
3293,Vreia De Bornes,0
3294,Vreia De Jales,0
3295,Abaças,0
3322,Goujoim,0
3323,Queimada,0
3324,Santo Adrião,0
3363,Britiande,0
3353,Ferreiros De Tendais,0
3354,Gralheira,0
3355,Ramires,0
3356,Santiago De Piães,0
3357,São Cristovão De Nogueira,0
3358,Souselo,0
3359,Tarouquela,0
3360,Tendais,0
3361,Avões,0
3362,Bigorne,0
3364,Cambres,0
3325,São Cosmado,0
3365,Ferreirim,0
3366,Ferreiros De Avões,0
3367,Lalim,0
3368,Lamego (Almacave),0
3369,Lamego (Sé),0
3370,Lazarim,0
3371,Magueija,0
3372,Meijinhos,0
3373,Melcões,0
3374,Parada Do Bispo,0
3351,Alhões,0
3350,São Joaninho,0
3349,Ribolhos,0
3348,Reriz,0
3326,São Martinho Das Chãs,0
3327,Tões,0
3328,Vacalar,0
3329,Beijós,0
3330,Cabanas De Viriato,0
3332,Oliveira Do Conde,0
3333,Papízios,0
3334,Sobral De Papízios,0
3335,Alva,0
3336,Castro Daire,0
3337,Cujó,0
3338,Ester,0
3339,Gafanhão,0
3340,Gosende,0
3341,Mamouros,0
3342,Mezio,0
3343,Mões,0
3344,Monteiras,0
3345,Parada De Ester,0
3346,Pepim,0
3347,Picão,0
3272,Sonim,0
3270,São João Da Corveira,0
2657,Oliveira Do Douro,0
3206,Padornelos,0
3196,Donões,0
3197,Ferral,0
3198,Fervidelas,0
3199,Fiães Do Rio,0
3200,Gralhas,0
3201,Meixide,0
3202,Montalegre,0
3203,Morgade,0
3204,Mourilhe,0
3205,Negrões,0
3207,Pitões Das Junias,0
3194,Covelães,0
3208,Pondras,0
3209,Reigoso,0
3210,Salto,0
3211,Sarraquinhos,0
3212,Sezelhe,0
3213,Solveira,0
3214,Tourém,0
3215,Viade De Baixo,0
3216,Vila Da Ponte,0
3217,Vilar De Perdizes (São Miguel),0
3195,Covelo Do Gerês,0
3193,Contim,0
3269,Santiago Da Ribeira De Alhariz,0
3180,Mesão Frio (São Nicolau),0
3170,Tronco,0
3171,Vale De Anta,0
3172,Vidago,0
3173,Vila Verde Da Raia,0
3174,Vilar De Nantes,0
3175,Vilarelho Da Raia,0
3176,Vilarinho Das Paranheiras,0
3177,Vilela Do Tâmega,0
3178,Vilela Seca,0
3179,Mesão Frio (Santa Cristina),0
3181,Vila Jusã,0
3192,Chã,0
3182,Vila Marim,0
3183,Atei,0
3184,Bilhó,0
3185,Campanhó,0
3186,Mondim De Basto,0
3187,Paradança,0
3188,Pardelhas,0
3189,Vilar De Ferreiros,0
3190,Cambeses Do Rio,0
3191,Cervos,0
3218,Carva,0
3219,Fiolhoso,0
3220,Jou,0
3257,Bouçoães,0
3247,Torre Do Pinhão,0
3248,Vilarinho De São Romão,0
3249,Alvações Do Corgo,0
3250,Cumieira,0
3251,Lobrigos (São João Baptista),0
3252,Lobrigos (São Miguel),0
3253,Medrões,0
3254,Sever,0
3255,Água Revés E Crasto,0
3256,Algeriz,0
3258,Canaveses,0
3221,Noura,0
3259,Carrazedo De Montenegro,0
3260,Ervões,0
3261,Fornos Do Pinhal,0
3262,Friões,0
3263,Lebução,0
3264,Nozelos,0
3265,Padrela E Tazem,0
3266,Possacos,0
3267,Santa Maria De Emeres,0
3268,Santa Valha,0
3246,São Martinho De Antas,0
3245,São Lourenço De Ribapinhão,0
3244,São Cristovão Do Douro,0
3243,Sabrosa,0
3222,Palheiros,0
3223,Valongo De Milhais,0
3224,Covelinhas,0
3225,Fontelas,0
3226,Galafura,0
3227,Godim,0
3228,Moura Morta,0
3229,Peso Da Régua,0
3230,Sedielos,0
3231,Vilarinho Dos Freires,0
3232,Alvadia,0
3233,Cerva,0
3234,Limões,0
3235,Ribeira De Pena (Salvador),0
3236,Santo Aleixo De Além-Tâmega,0
3237,Covas Do Douro,0
3238,Gouvães Do Douro,0
3239,Gouvinhas,0
3240,Parada De Pinhão,0
3241,Paradela De Guiães,0
3242,Provesende,0
3375,Penajóia,0
3376,Penude,0
3377,Pretarouca,0
3521,São João De Tarouca,0
3511,Granjinha,0
3512,Longra,0
3513,Tabuaço,0
3514,Távora,0
3515,Valença Do Douro,0
3516,Dálvares,0
3517,Gouviães,0
3518,Granja Nova,0
3519,Mondim Da Beira,0
3520,Salzedas,0
3522,Tarouca,0
3509,Desejosa,0
3523,Ucanha,0
3524,Várzea Da Serra,0
3525,Vila Chã Da Beira,0
3526,Barreiro De Besteiros,0
3527,Campo De Besteiros,0
3528,Canas De Santa Maria,0
3529,Caparrosa,0
3530,Dardavaz,0
3531,Ferreirós Do Dão,0
3532,Guardão,0
3510,Granja Do Tedo,0
3508,Chavães,0
3378,Samodães,0
3495,Vila Longa,0
3485,Águas Boas,0
3486,Avelal,0
3487,Decermilo,0
3488,Ferreira De Aves,0
3489,Forles,0
3490,Mioma,0
3491,Romãs,0
3492,São Miguel De Vila Boa,0
3493,Sátão,0
3494,Silvã De Cima,0
3496,Arnas,0
3507,Barcos,0
3497,Carregal,0
3498,Chosendo,0
3499,Escurquela,0
3500,Freixinho,0
3501,Granjal,0
3502,Lamosa,0
3503,Quintela,0
3504,Sarzeda,0
3505,Sernancelhe,0
3506,Adorigo,0
3533,Lajeosa Do Dão,0
3534,Lobão Da Beira,0
3535,Molelos,0
3575,Silgueiros,0
3563,Farminhão,0
3564,Fragosela,0
3565,Lordosa,0
3566,Mundão,0
3567,Orgens,0
3568,Povolide,0
3570,Ribafeita,0
3572,Santos Evos,0
3573,São João De Lourosa,0
3574,São Pedro De France,0
3576,Torredeita,0
3536,Mosteirinho,0
3577,Vil De Souto,0
3578,Vila Chã De Sá,0
3582,Alcofra,0
3583,Cambra,0
3585,Carvalhal De Vermilhas,0
3586,Fataunços,0
3587,Figueiredo Das Donas,0
3588,Fornelo Do Monte,0
3589,Paços De Vilharigues,0
3590,Queirã,0
3562,Fail,0
3561,Couto De Cima,0
3560,Couto De Baixo,0
3559,Cota,0
3537,Mosteiro De Fráguas,0
3538,Mouraz,0
3539,Nandufe,0
3540,Parada De Gonta,0
3541,Sabugosa,0
3542,Santiago De Besteiros,0
3543,São João Do Monte,0
3544,São Miguel Do Outeiro,0
3545,Tonda,0
3546,Tondela,0
3547,Tourigo,0
3548,Vilar De Besteiros,0
3549,Alhais,0
3550,Pendilhe,0
3551,Queiriga,0
3552,Touro,0
3553,Vila Nova De Paiva,0
3555,Boa Aldeia,0
3556,Bodiosa,0
3557,Calde,0
3558,Cavernães,0
3484,Sul,0
3483,Serrazes,0
3482,São Pedro Do Sul,0
3417,Senhorim,0
3405,Rua,0
3406,Segões,0
3407,Almaça,0
3408,Cercosa,0
3410,Trezói,0
3411,Vale De Remígio,0
3412,Aguieira,0
3413,Canas De Senhorim,0
3414,Carvalhal Redondo,0
3415,Lapa Do Lobo,0
3418,Arcozelo Das Maias,0
3430,Lusinde,0
3419,Destriz,0
3420,Oliveira De Frades,0
3421,Ribeiradio,0
3422,São João Da Serra,0
3423,São Vicente De Lafões,0
3424,Sejães,0
3425,Souto De Lafões,0
3426,Varzielas,0
3427,Castelo De Penalva,0
3428,Esmolfe,0
3404,Pêra Velha,0
3403,Paradinha,0
3402,Nagosa,0
3401,Moimenta Da Beira,0
3379,Valdigem,0
3380,Várzea De Abrunhais,0
3381,Vila Nova De Souto D' El-Rei,0
3382,Abrunhosa-A-Velha,0
3383,Alcafache,0
3384,Chãs De Tavares,0
3385,Cunha Alta,0
3386,Cunha Baixa,0
3387,Fornos De Maceira Dão,0
3388,Freixiosa,0
3389,Lobelhe Do Mato,0
3391,Moimenta De Maceira Dão,0
3392,Póvoa De Cervães,0
3393,Quintela De Azurara,0
3394,Santiago De Cassurrães,0
3395,São João Da Fresta,0
3396,Travanca De Tavares,0
3397,Várzea De Tavares,0
3398,Aldeia De Nacomba,0
3399,Arcozelos,0
3400,Baldos,0
3429,Ínsua,0
3431,Mareco,0
3481,São Martinho Das Moitas,0
3469,Várzea De Trevões,0
3459,Castanheiro Do Sul,0
3460,Ervedosa Do Douro,0
3461,Espinhosa,0
3462,Nagozelo Do Douro,0
3463,Paredes Da Beira,0
3464,Riodades,0
3465,São João Da Pesqueira,0
3466,Soutelo Do Douro,0
3467,Trevões,0
3468,Valongo Dos Azeites,0
3470,Vilarouco,0
3432,Pindo,0
3471,Baiões,0
3472,Bordonhos,0
3473,Candal,0
3474,Covas Do Rio,0
3475,Figueiredo De Alva,0
3476,Manhouce,0
3477,Pindelo Dos Milagres,0
3478,Santa Cruz Da Trapa,0
3479,São Cristovão De Lafões,0
3480,São Félix,0
3458,Treixedo,0
3457,São João De Areias,0
3455,Pinheiro De Ázere,0
3454,Ovoa,0
3433,Trancozelos,0
3434,Vila Cova Do Covelo,0
3435,Castainço,0
3436,Ourozinho,0
3437,Penedono,0
3438,Penela Da Beira,0
3439,Póvoa De Penela,0
3440,Anreade,0
3441,Cárquere,0
3442,Feirão,0
3443,Freigil,0
3444,Miomães,0
3445,Ovadas,0
3446,Panchorra,0
3447,Paus,0
3448,São Cipriano,0
3449,São João De Fontoura,0
3450,São Martinho De Mouros,0
3451,São Romão De Aregos,0
3452,Couto Do Mosteiro,0
3453,Nagozela,0
3169,Travancas,0
3168,Soutelinho Da Raia,0
3167,Selhariz,0
2851,Santo André,0
2817,Parceiros De Igreja,0
2822,Torres Novas (Santiago),0
2824,Zibreira,0
2825,Moita Do Norte,0
2826,Praia Do Ribatejo,0
2827,Tancos,0
2828,Vila Nova Da Barquinha,0
2831,Comporta,0
2832,Santa Susana,0
2834,Samouco,0
2854,Azinheira Dos Barros E São Mamede Do Sádão,0
2815,Olaia,0
2856,Melides,0
2857,Santa Margarida Da Serra,0
2860,Gaio-Rosário,0
2861,Sarilhos Pequenos,0
2868,Santo Isidro De Pegões,0
2875,Abela,0
2876,Ermidas-Sado,0
2878,São Bartolomeu Da Serra,0
2879,São Domingos,0
2880,São Francisco Da Serra,0
2816,Paço,0
2814,Meia Via,0
2951,Castro Laboreiro,0
2799,Valhascos,0
2784,Pernes,0
2785,Póvoa Da Isenta,0
2787,Romeira,0
2792,São Vicente Do Paul,0
2793,Tremês,0
2794,Vale De Figueira,0
2795,Vale De Santarém,0
2796,Alcaravela,0
2797,Santiago De Montalegre,0
2798,Sardoal,0
1936,Cedovim,0
2812,Brogueira,0
2801,Alviobeira,0
2802,Beselga,0
2803,Carregueiros,0
2804,Junceira,0
2805,Olalhas,0
2806,Paialvo,0
2807,Sabacheira,0
2808,São Pedro De Tomar,0
2809,Serra,0
2811,Alcorochel,0
2881,Vale De Água,0
2896,Porto Covo,0
2898,Aboim Das Choças,0
2935,Arga De Baixo,0
2925,Santar,0
2926,São Cosme E São Damião,0
2927,Senharei,0
2928,Sistelo,0
2929,Soajo,0
2930,Tabaçô,0
2931,Távora (Santa Maria),0
2932,Távora (São Vicente),0
2933,Vila Fonche,0
2934,Âncora,0
2936,Arga De Cima,0
2899,Aguiã,0
2937,Arga De São João,0
2938,Argela,0
2939,Azevedo,0
2941,Dem,0
2942,Lanhelas,0
2943,Orbacém,0
2944,Riba De Âncora,0
2945,Venade,0
2947,Vilar De Mouros,0
2949,Vile,0
2924,Sabadim,0
2923,Sá,0
2922,Rio Cabrão,0
2921,Padroso,0
2900,Alvora,0
2901,Arcos De Valdevez (São Paio),0
2902,Arcos De Valdevez (São Salvador),0
2903,Cabana Maior,0
2904,Cabreiro,0
2905,Carralcova,0
2906,Cendufe,0
2907,Ermelo,0
2908,Extremo,0
2909,Gavieira,0
2910,Giela,0
2911,Grade,0
2912,Guilhadeses,0
2913,Jolda (Madalena),0
2914,Jolda (São Paio),0
2915,Loureda,0
2916,Mei,0
2917,Miranda,0
2918,Paçô,0
2919,Padreiro (Salvador),0
2920,Padreiro (Santa Cristina),0
2783,Moçarria,0
2782,Gançaria,0
2781,Azoia De Cima,0
2714,Montalvo,0
2703,Vale Da Pedra,0
2704,Vale Da Pinta,0
2706,Carregueira,0
2707,Chamusca,0
2708,Chouto,0
2709,Parreira,0
2710,Pinheiro Grande,0
2711,Ulme,0
2712,Vale De Cavalos,0
2713,Constância,0
2715,Santa Margarida Da Coutada,0
2727,Paio Mendes,0
2716,Biscainho,0
2717,Couço,0
2718,Erra,0
2719,Fajarda,0
2720,Santana Do Mato,0
2721,São José Da Lamarosa,0
2722,Beco,0
2723,Chãos,0
2724,Dornes,0
2725,Ferreira Do Zêzere,0
2702,Valada,0
2701,Pontével,0
2697,Barrosa,0
2695,Raposa,0
2670,Aldeia Do Mato,0
2672,Alvega,0
2673,Concavada,0
2674,Fontes,0
2675,Martinchel,0
2676,Mouriscas,0
2677,Pego,0
2679,São Facundo,0
2681,Tramagal,0
2682,Vale De Mós,0
2683,Alcanena,0
2684,Bugalhos,0
2685,Espinheiro,0
2686,Louriceira,0
2687,Malhou,0
2688,Minde,0
2689,Moitas Venda,0
2690,Serra De Santo António,0
2691,Vila Moreira,0
2693,Benfica Do Ribatejo,0
2694,Fazendas De Almeirim,0
2726,Igreja Nova Do Sobral,0
2728,Azinhaga,0
2780,Azoia De Baixo,0
2768,Glória Do Ribatejo,0
2757,Assentiz,0
2758,Azambujeira,0
2759,Fráguas,0
2760,Malaqueijo,0
2761,Marmeleira,0
2762,Outeiro Da Cortiçada,0
2763,Ribeira De São João,0
2765,São João Da Ribeira,0
2766,São Sebastião,0
2767,Foros De Salvaterra,0
2769,Granho,0
2729,Golegã,0
2770,Marinhais,0
2771,Muge,0
2772,Salvaterra De Magos,0
2773,Abitureiras,0
2774,Abrã,0
2775,Achete,0
2776,Alcanede,0
2777,Alcanhões,0
2778,Amiais De Baixo,0
2779,Arneiro Das Milhariças,0
2756,Asseiceira,0
2755,Arruda Dos Pisões,0
2754,Arrouquelas,0
2753,Alcobertas,0
2730,Aboboreira,0
2731,Amêndoa,0
2732,Cardigos,0
2733,Envendos,0
2734,Mação,0
2735,Ortiga,0
2736,Penhascoso,0
2737,Alburitel,0
2738,Atouguia,0
2739,Casal Dos Bernardos,0
2740,Caxarias,0
2741,Espite,0
2743,Formigais,0
2744,Freixianda,0
2745,Gondemaria,0
2746,Matas,0
2748,Nossa Senhora Das Misericórdias,0
2749,Ribeira Do Farrio,0
2750,Rio De Couros,0
2751,Seiça,0
2752,Urqueira,0
2950,Alvaredo,0
2952,Chaviães,0
3166,Seara Velha,0
3102,Vila Mou,0
3090,Neiva,0
3091,Perre,0
3092,Portela Susã,0
3093,Santa Maria de Geraz Do Lima,0
3094,Santa Marta De Portuzelo,0
3095,Serreleis,0
3096,Subportela,0
3097,unknown-1,0
3100,Vila De Punhe,0
3101,Vila Franca,0
3103,Vilar De Murteda,0
3088,Moreira De Geraz Do Lima,0
3104,Cornes,0
3105,Gondarém,0
3106,Loivo,0
3107,Lovelhe,0
3108,Mentrestido,0
3109,Reboreda,0
3110,Sapardos,0
3111,Sopo,0
3112,Vila Meã,0
3113,Vila Nova De Cerveira,0
3089,Mujães,0
3086,Mazarefes,0
2953,Cousso,0
3071,Alvarães,0
3060,Cerdal,0
3061,Cristelo Covo,0
3062,Fontoura,0
3063,Friestas,0
3064,Ganfei,0
3065,Gondomil,0
3066,São Pedro Da Torre,0
3067,Taião,0
3069,Verdoejo,0
3070,Afife,0
3072,Amonde,0
3085,Lanheses,0
3073,Anha,0
3075,Barroselas,0
3076,Cardielos,0
3077,Carreço,0
3078,Castelo Do Neiva,0
3079,Chafé,0
3081,Deão,0
3082,Deocriste,0
3083,Freixieiro De Soutelo,0
3084,Geraz Do Lima (Santa Leocádia),0
3114,Alijó,0
3115,Amieiro,0
3116,Carlão,0
3153,Oucidres,0
3143,Arcossó,0
3144,Cimo De Vila Da Castanheira,0
3145,Curalha,0
3146,Ervededo,0
3147,Faiões,0
3148,Lama De Arcos,0
3149,Loivos,0
3150,Mairos,0
3151,Moreiras,0
3152,Nogueira Da Montanha,0
3154,Oura,0
3117,Casal De Loivos,0
3155,Outeiro Seco,0
3156,Póvoa De Agrações,0
3157,Redondelo,0
3159,Sanjurge,0
3160,Santa Cruz/Trindade,0
3161,Santa Leocádia,0
3162,Santa Maria Maior,0
3163,Santo António De Monforte,0
3164,São Julião De Montenegro,0
3165,São Pedro De Agostém,0
3142,Anelhe,0
3141,Águas Frias,0
3140,Sapiãos,0
3139,São Salvador De Viveiro,0
3118,Cotas,0
3119,Favaios,0
3120,Pegarinhos,0
3121,Pinhão,0
3122,Pópulo,0
3123,Sanfins Do Douro,0
3124,Santa Eugénia,0
3125,São Mamede De Ribatua,0
3126,Vale De Mendiz,0
3127,Vilar De Maçada,0
3128,Vilarinho De Cotas,0
3129,Alturas Do Barroso,0
3130,Ardãos,0
3131,Beça,0
3132,Boticas,0
3133,Cerdedo,0
3134,Codessoso,0
3135,Covas Do Barroso,0
3136,Curros,0
3137,Fiães Do Tâmega,0
3138,Pinho,0
3059,Boivão,0
3058,Arão,0
3057,Vitorino Dos Piães,0
2990,Coura,0
2980,Pinheiros,0
2981,Podame,0
2982,Riba De Mouro,0
2983,Sago,0
2984,Segude,0
2985,Tangil,0
2986,Troporiz,0
2987,Troviscoso,0
2988,Trute,0
2989,Agualonga,0
2991,Formariz,0
3003,Crasto,0
2992,Insalde,0
2993,Padornelo,0
2994,Paredes De Coura,0
2995,Porreiras,0
2996,Resende,0
2997,Romarigães,0
2998,Rubiães,0
2999,Vascões,0
3000,Azias,0
3001,Boivães,0
2979,Monção,0
2978,Messegães,0
2977,Merufe,0
2976,Mazedo,0
2954,Cristoval,0
2955,Cubalhão,0
2956,Gave,0
2957,Lamas De Mouro,0
2958,Paços,0
2959,Parada Do Monte,0
2960,Penso,0
2961,Prado,0
2962,Remoães,0
2964,Vila,0
2965,Abedim,0
2966,Anhões,0
2967,Badim,0
2968,Barbeita,0
2969,Barroças E Taias,0
2970,Bela,0
2971,Ceivães,0
2972,Lapela,0
2973,Lara,0
2974,Longos Vales,0
2975,Luzio,0
3002,Bravães,0
3004,Cuide De Vila Verde,0
3056,Vitorino Das Donas,0
3043,Mato,0
3031,Cepões,0
3032,Correlhã,0
3033,Facha,0
3035,Fojo Lobal,0
3036,Fontão,0
3037,Friastelas,0
3038,Gaifar,0
3039,Gemieira,0
3040,Gondufe,0
3042,Labrujó,0
3044,Moreira Do Lima,0
3005,Entre Ambos-Os-Rios,0
3045,Navió,0
3046,Ponte De Lima,0
3047,Queijada,0
3048,Rebordões (Santa Maria),0
3049,Rebordões (Souto),0
3050,Refóios Do Lima,0
3051,Sandiães,0
3052,Santa Cruz Do Lima,0
3053,Seara,0
3054,Serdedelo,0
3030,Calvelo,0
3029,Calheiros,0
3028,Cabração,0
3027,Cabaços,0
3006,Germil,0
3007,Grovelas,0
3008,Lavradas,0
3009,Lindoso,0
3010,Paço Vedro De Magalhães,0
3011,Ponte Da Barca,0
3012,Ruivos,0
3013,Sampriz,0
3014,Touvedo (Salvador),0
3015,Touvedo (São Lourenço),0
3016,Vade (São Pedro),0
3017,Vade (São Tomé),0
3018,Vila Chã (Santiago),0
3019,Vila Chã (São João Baptista),0
3020,Vila Nova De Muía,0
3021,Anais,0
3022,Arca,0
3023,Beiral Do Lima,0
3024,Bertiandos,0
3025,Boalhosa,0
3026,Brandara,0
1937,Chãs,0
1796,Pêro Soares,0
1935,Castelo Melhor,0
683,Ribeiros,0
672,Felgueiras,0
673,Freitas,0
674,Golães,0
675,Gontim,0
676,Medelo,0
677,Moreira Do Rei,0
678,Pedraído,0
679,Queimadela,0
681,Regadas,0
682,Revelhe,0
685,Seidões,0
669,Estorãos,0
686,Serafão,0
687,Silvares (São Clemente),0
688,Silvares (São Martinho),0
689,Travassós,0
690,Várzea Cova,0
691,Vinhós,0
692,Abação,0
693,Airão (Santa Maria),0
694,Airão (São João Baptista),0
696,Arosa,0
671,Fareja,0
668,Cepães,0
700,Barco,0
652,Fonte Boa,0
639,Molares,0
640,Moreira Do Castelo,0
641,Ourilhe,0
642,Rego,0
643,Ribas,0
644,Vale De Bouro,0
645,Veade,0
646,Antas,0
648,Belinho,0
649,Curvos,0
653,Forjães,0
667,Arões (São Romão),0
654,Gandra,0
655,Gemeses,0
656,Mar,0
658,Palmeira De Faro,0
660,Aboim,0
662,Antime,0
663,Ardegão,0
664,Armil,0
665,Arnozela,0
666,Arões (Santa Cristina),0
697,Atães,0
701,Briteiros (Salvador),0
637,Gémeos,0
765,Frades,0
751,Silvares,0
752,Sobreposta,0
753,Souto (Santa Maria),0
754,Souto (São Salvador),0
757,Vermil,0
759,Ajude,0
760,Brunhais,0
761,Campos,0
763,Esperança,0
764,Fonte Arcada,0
766,Friande,0
746,Selho (São Cristovão),0
768,Garfe,0
769,Geraz Do Minho,0
770,Lanhoso,0
771,Monsul,0
772,Póvoa De Lanhoso (Nossa Senhora Do Amparo),0
773,Rendufinho,0
774,Santo Emilião,0
775,São João De Rei,0
776,Sobradelo Da Goma,0
777,Taíde,0
749,Serzedelo,0
744,São Faustino,0
702,Briteiros (Santa Leocádia),0
719,Gondomar,0
705,Calvos,0
707,Candoso (São Martinho),0
708,Castelões,0
710,Corvite,0
712,Donim,0
714,Figueiredo 2,0
715,Gandarela,0
716,Gominhães,0
717,Gonça,0
718,Gondar,0
724,Infantas,0
741,Sande (São Lourenço),0
725,Leitões,0
726,Longos,0
727,Lordelo,0
728,Mascotelos,0
731,Nespereira,0
732,Oleiros,0
734,Pinheiro,0
736,Ponte,0
738,Prazins (Santo Tirso),0
740,Sande (São Clemente),0
638,Infesta,0
636,Gagos,0
1934,Almendra,0
544,Ucha,0
534,Rio Covo (Santa Eugénia),0
535,Rio Covo (Santa Eulália),0
536,Roriz,0
537,Sequeade,0
538,Silva,0
539,Silveiros,0
540,Tamel (Santa Leocádia),0
541,Tamel (São Pedro Fins),0
542,Tamel (São Veríssimo),0
543,Tregosa,0
545,Viatodos,0
532,Quintiães,0
546,Vila Boa,0
547,Vila Cova,0
550,Vila Seca,0
551,Vilar De Figos,0
552,Vilar Do Monte,0
554,Arentim,0
555,Aveleda,0
563,Celeirós,0
564,Crespos,0
565,Cunha,0
533,Remelhe,0
531,Pousa,0
568,Esporões,0
518,Martim,0
506,Galegos (São Martinho),0
507,Gamil,0
508,Gilmonde,0
509,Góios,0
510,Grimancelos,0
511,Gueral,0
514,Lijó,0
515,Macieira De Rates,0
516,Manhente,0
517,Mariz,0
519,Midões,0
530,Perelhal,0
520,Milhazes,0
521,Minhotães,0
522,Monte De Fralães,0
523,Moure,0
524,Negreiros,0
525,Oliveira,0
526,Palme,0
527,Panque,0
528,Pedra Furada,0
529,Pereira,0
567,Escudeiros,0
571,Figueiredo 1,0
635,Fervença,0
623,Vilar De Cunhas,0
613,Cavez,0
614,Faia,0
615,Gondiães,0
616,Outeiro,0
617,Painzela,0
618,Passos,0
619,Pedraça,0
620,Refojos De Basto,0
621,Rio Douro,0
622,Vila Nune,0
624,Agilde,0
611,Bucos,0
625,Arnóia,0
626,Basto (Santa Tecla),0
627,Basto (São Clemente),0
628,Borba De Montanha,0
629,Britelo,0
630,Caçarilhe,0
631,Canedo De Basto,0
632,Carvalho,0
633,Codeçoso,0
634,Corgo,0
612,Cabeceiras De Basto,0
610,Basto,0
572,Fradelos,0
591,Passos (São Julião),0
577,Lamas,0
580,Merelim (São Pedro),0
581,Mire De Tibães,0
583,Navarra,0
584,Nogueira,0
586,Oliveira (São Pedro),0
587,Padim Da Graça,0
588,Palmeira,0
589,Panoias,0
590,Parada De Tibães,0
592,Pedralva,0
609,Arco De Baúlhe,0
593,Penso (Santo Estêvão),0
594,Penso (São Vicente),0
595,Pousada,0
596,Priscos,0
597,Ruilhe,0
604,Trandeiras,0
605,Vilaça,0
606,Vimieiro,0
607,Abadim,0
608,Alvite,0
778,Travassos,0
779,Verim,0
780,Balança,0
938,Donai,0
928,Babe,0
929,Baçal,0
930,Bragança (Santa Maria),0
931,Bragança (Sé),0
932,Calvelhe,0
933,Carragosa,0
934,Castrelos,0
935,Castro De Avelãs,0
936,Coelhoso,0
937,Deilão,0
939,Espinhosela,0
926,Vilares De Vilariça,0
940,Failde,0
941,França,0
942,Gimonde,0
943,Gondesende,0
944,Gostei,0
945,Grijó De Parada,0
946,Izeda,0
947,Macedo Do Mato,0
948,Meixedo,0
949,Milhão,0
927,Alfaião,0
925,Vilarelhos,0
951,Parâmio,0
911,Ferradosa,0
898,Vila De Prado,0
899,Vila Verde,0
903,Infias,0
904,Tagilde,0
905,Vizela (Santo Adrião),0
906,Vizela (São Paio),0
907,Agrobom,0
908,Alfândega Da Fé,0
909,Cerejais,0
910,Eucisia,0
912,Gebelim,0
924,Vilar Chão,0
913,Gouveia,0
914,Parada,0
916,Saldonha,0
917,Sambade,0
918,Sendim Da Ribeira,0
919,Sendim Da Serra,0
920,Soeima,0
921,Vale Pereiro,0
922,Vales,0
923,Valverde,0
950,Paradinha Nova,0
952,Pinela,0
782,Campo Do Gerês,0
990,Ligares,0
980,Parambos,0
981,Pereiros,0
982,Pinhal Do Norte,0
983,Ribalonga,0
984,Seixo De Ansiães,0
985,Selores,0
986,Vilarinho Da Castanheira,0
987,Zedes,0
988,Freixo De Espada À Cinta,0
989,Lagoaça,0
991,Mazouco,0
978,Marzagão,0
992,Poiares,0
993,Ala,0
994,Amendoeira,0
995,Arcas,0
996,Bagueixe,0
997,Bornes,0
998,Burga,0
999,Carrapatas,0
1000,Castelãos,0
1001,Chacim,0
979,Mogo De Malta,0
977,Linhares,0
953,Pombares,0
964,São Julião De Palácios,0
954,Quintanilha,0
955,Quintela De Lampaças,0
956,Rabal,0
957,Rebordaínhos,0
958,Rebordãos,0
959,Rio De Onor,0
960,Rio Frio,0
961,Salsas,0
962,Samil,0
963,Santa Comba De Rossas,0
965,São Pedro De Sarracenos,0
976,Lavandeira,0
966,Sendas,0
967,Serapicos,0
968,Sortes,0
969,Zóio,0
970,Amedo,0
971,Beira Grande,0
972,Belver,0
973,Carrazeda De Ansiães,0
974,Castanheiro,0
975,Fonte Longa,0
897,Valões,0
896,Valdreu,0
895,Valbom (São Pedro),0
822,Esmeriz,0
811,Abade De Vermoim,0
812,Arnoso (Santa Eulália),0
813,Arnoso (Santa Maria),0
814,Avidos,0
815,Bairro,0
816,Bente,0
817,Cabeçudos,0
819,Cavalões,0
820,Cruz,0
821,Delães,0
823,Gavião,0
808,Ventosa,0
824,Gondifelos,0
825,Jesufrei,0
826,Joane,0
828,Landim,0
829,Lemenhe,0
830,Louro,0
832,Mogege,0
833,Mouquim,0
834,Nine,0
835,Novais,0
810,Vilar Do Chão,0
807,Tabuaças,0
894,Valbom (São Martinho),0
793,Vilar,0
783,Carvalheira,0
784,Chamoim,0
785,Chorense,0
786,Cibões,0
787,Covide,0
788,Gondoriz,0
789,Moimenta,0
790,Ribeira,0
791,Rio Caldo,0
792,Valdosende,0
794,Vilar Da Veiga,0
806,Soutelo,0
795,Anissó,0
797,Caniçada,0
798,Cantelães,0
799,Cova,0
800,Eira Vedra,0
801,Guilhofrei,0
802,Parada Do Bouro,0
803,Ruivães,0
804,Salamonde,0
805,Soengas,0
836,Oliveira (Santa Maria),0
837,Oliveira (São Mateus),0
838,Outiz,0
882,Parada De Gatim,0
871,Geme,0
872,Godinhaços,0
873,Gomide,0
874,Lage,0
875,Lanhas,0
876,Loureira,0
877,Marrancos,0
878,Mós,0
880,Oriz (Santa Marinha),0
881,Oriz (São Miguel),0
883,Passó,0
839,Pedome,0
884,Pedregais,0
885,Penascais,0
886,Pico,0
887,Pico De Regalados,0
888,Portela Das Cabras,0
889,Prado (São Miguel),0
890,Rio Mau,0
891,Sabariz,0
892,Sande,0
893,Turiz,0
870,Freiriz,0
869,Esqueiros,0
868,Escariz (São Martinho),0
867,Escariz (São Mamede),0
840,Pousada De Saramagos,0
841,Requião,0
842,Riba De Ave,0
844,Seide (São Miguel),0
846,Sezures,0
847,Telhado,0
848,Vale (São Cosme),0
849,Vale (São Martinho),0
852,Vilarinho Das Cambas,0
853,Aboim Da Nóbrega,0
854,Atiães,0
855,Azões,0
857,Barros,0
858,Cabanelas,0
859,Carreiras (Santiago),0
860,Carreiras (São Miguel),0
861,Cervães,0
862,Codeceda,0
863,Coucieiro,0
864,Covas,0
865,Dossãos,0
505,Galegos (Santa Maria),0
504,Fragoso,0
503,Fornelos,0
208,Angra (São Pedro),0
198,Codal,0
199,Junqueira,0
200,Macieira De Cambra,0
201,Roge,0
202,São Pedro De Castelões,0
203,Vila Chã,0
204,Vila Cova De Perrinho,0
205,Altares,0
206,Angra (Nossa Senhora Da Conceição),0
207,Angra (Santa Luzia),0
209,Angra (Sé),0
194,Sosa,0
210,Cinco Ribeiras,0
211,Doze Ribeiras,0
212,Feteira,0
213,Porto Judeu,0
214,Posto Santo,0
215,Raminho,0
216,Ribeirinha,0
217,Santa Bárbara,0
218,São Bartolomeu De Regatos,0
219,São Bento,0
196,Arões,0
193,Santo António De Vagos,0
221,Serreta,0
177,Couto De Esteves,0
158,Lourosa,0
160,Mosteiró,0
161,Mozelos,0
166,Romariz,0
167,Sanfins,0
168,Sanguedo,0
172,Souto,0
173,Vale,0
174,Vila Maior,0
176,Cedrim,0
178,Dornelas,0
190,Ponte De Vagos,0
179,Paradela,0
180,Pessegueiro Do Vouga,0
181,Rocas Do Vouga,0
182,Sever Do Vouga,0
184,Talhadas,0
185,Calvão,0
186,Covão Do Lobo,0
187,Fonte De Angeão,0
188,Gafanha Da Boa Hora,0
189,Ouca,0
220,São Mateus Da Calheta,0
222,Terra Chã,0
276,Fajã De Baixo,0
263,Achada,0
252,Mosteiro,0
253,Calheta De Nesquim,0
254,Lajes Do Pico,0
255,Piedade,0
256,Ribeiras,0
257,Bandeiras,0
258,Candelária,0
259,Criação Velha,0
261,São Caetano,0
262,São Mateus,0
264,Achadinha,0
249,Lajedo,0
265,Algarvia,0
266,Lomba Da Fazenda,0
267,Nordeste,0
268,Salga,0
269,Santana,0
270,Santo António De Nordestinho,0
271,São Pedro De Nordestinho,0
272,Ajuda Da Bretanha,0
273,Arrifes,0
274,Capelas,0
250,Lajes Das Flores,0
248,Fazenda,0
223,Vila De São Sebastião,0
235,Horta (Conceição),0
224,Calheta,0
225,Norte Pequeno,0
226,Ribeira Seca,0
227,Santo Antão,0
228,Topo (Nossa Senhora Do Rosário),0
229,Corvo,0
230,Capelo,0
232,Cedros,0
233,Flamengos,0
234,Horta (Angústias),0
236,Horta (Matriz),0
247,Fajãzinha,0
237,Pedro Miguel,0
238,Praia Do Almoxarife,0
239,Praia Do Norte,0
240,Salão,0
241,Água De Pau,0
242,Cabouco,0
243,Lagoa (Nossa Senhora Do Rosário),0
244,Lagoa (Santa Cruz),0
245,Ribeira Chã,0
246,Fajã Grande,0
157,Louredo,0
155,Guisande,0
154,Gião,0
46,Burgo,0
36,Óis Do Bairro,0
37,Paredes Do Bairro,0
38,Sangalhos,0
39,São Lourenço Do Bairro,0
40,Tamengos,0
41,Vila Nova De Monsarros,0
42,Vilarinho Do Bairro,0
43,Albergaria Da Serra,0
44,Alvarenga,0
45,Arouca,0
47,Cabreiros,0
33,Avelãs De Cima,0
48,Canelas,0
49,Chave,0
50,Covelo De Paivó,0
51,Escariz,0
52,Espiunca,0
53,Fermedo,0
54,Janarde,0
55,Mansores,0
56,Moldes,0
57,Rossas,0
34,Mogofores,0
32,Avelãs De Caminho,0
153,Fiães,0
14,Préstimo,0
4,Barrô,0
5,Belazaima Do Chão,0
6,Borralha,0
7,Castanheira Do Vouga,0
8,Espinhel,0
9,Fermentelos,0
10,Lamas Do Vouga,0
11,Macieira De Alcoba,0
12,Macinhata Do Vouga,0
13,Óis Da Ribeira,0
17,Travassô,0
31,Arcos,0
18,Trofa,0
21,Alquerubim,0
22,Angeja,0
23,Branca,0
25,Ribeira De Fráguas,0
26,São João De Loure,0
27,Valmaior,0
28,Aguim,0
29,Amoreira Da Gândara,0
30,Ancas,0
58,Santa Eulália,0
59,São Miguel Do Mato,0
60,Tropeço,0
130,Ul,0
110,Monte,0
111,Murtosa,0
112,Torreira,0
116,Loureiro,0
120,Nogueira Do Cravo,0
122,Ossela,0
123,Palmaz,0
127,São Martinho Da Gândara,0
128,São Roque,0
129,Travanca,0
132,Bustos,0
61,Urrô,0
133,Mamarrosa,0
134,Oiã,0
136,Palhaça,0
137,Troviscal,0
138,Arada,0
139,Cortegaça,0
140,Esmoriz,0
141,Maceda,0
148,Caldas De São Jorge,0
149,Canedo,0
109,Bunheiro,0
107,Vacariça,0
106,Pampilhosa,0
105,Mealhada,0
62,Várzea,0
65,Eirol,0
68,Glória,0
69,Nariz,0
70,Nossa Senhora De Fátima,0
71,Oliveirinha,0
72,Requeixo,0
75,São Jacinto,0
76,Vera Cruz,0
77,Bairros,0
79,Paraíso,0
80,Pedorido,0
81,Raiva,0
82,Real,0
83,Santa Maria De Sardoura,0
84,São Martinho De Sardoura,0
87,Espinho,0
96,Veiros,0
101,Antes,0
102,Barcouço,0
104,Luso,0
275,Covoada,0
277,Fajã De Cima,0
502,Fonte Coberta,0
432,Aldeia Nova De São Bento,0
420,Santa Clara-A-Velha,0
421,São Luís,0
422,São Martinho Das Amoreiras,0
423,São Teotónio,0
424,Vale De Santiago,0
425,Vila Nova De Milfontes,0
426,Zambujeira Do Mar,0
428,Garvão,0
430,Panóias,0
431,Santana Da Serra,0
433,Brinches,0
418,Relíquias,0
434,Pias,0
435,Serpa (Salvador),0
436,Serpa (Santa Maria),0
437,Vale De Vargo,0
438,Vila Verde De Ficalho,0
439,Pedrógão,0
440,Selmes,0
441,Vidigueira,0
442,Vila De Frades,0
443,Amares,0
419,Saboia,0
417,Pereiras-Gare,0
445,Besteiros,0
404,Moura (São João Baptista),0
394,Corte Do Pinto,0
395,Espírito Santo,0
396,Mértola,0
397,Santana De Cambas,0
398,São João Dos Caldeireiros,0
399,São Miguel Do Pinheiro,0
400,São Pedro De Solis,0
401,São Sebastião Dos Carros,0
402,Amareleja,0
403,Moura (Santo Agostinho),0
405,Póvoa De São Miguel,0
416,Odemira (São Salvador),0
406,Safara,0
407,Santo Aleixo Da Restauração,0
408,Santo Amador,0
409,Sobral Da Adiça,0
410,Bicos,0
411,Boavista Dos Pinheiros,0
412,Colos,0
413,Longueira/Almograve,0
414,Luzianes-Gare,0
415,Odemira (Santa Maria),0
444,Barreiros,0
446,Bico,0
278,Fenais Da Luz,0
489,Carvalhal,0
476,Arcozelo,0
477,Areias,0
478,Areias De Vilar,0
479,Balugães,0
482,Barqueiros,0
483,Bastuço (Santo Estevão),0
484,Bastuço (São João),0
485,Cambeses,0
486,Campo,0
487,Carapeços,0
490,Carvalhos,0
474,Alvito (São Martinho),0
491,Chavão,0
492,Chorente,0
493,Cossourado,0
494,Courel,0
495,Couto,0
497,Cristelo,0
498,Durrães,0
499,Encourados,0
500,Faria,0
501,Feitos,0
475,Alvito (São Pedro),0
473,Alvelos,0
447,Bouro (Santa Maria),0
460,Prozelo,0
448,Bouro (Santa Marta),0
449,Caires,0
451,Carrazedo,0
452,Ferreiros,0
453,Figueiredo,0
454,Fiscal,0
455,Goães,0
456,Lago,0
458,Paredes Secas,0
459,Portela,0
461,Rendufe,0
472,Alheira,0
462,Sequeiros,0
463,Seramil,0
464,Torre,0
465,Vilela,0
466,Abade De Neiva,0
467,Aborim,0
468,Adães,0
469,Aguiar,0
470,Airó,0
471,Aldreu,0
393,Alcaria Ruiva,0
392,Peroguarda,0
390,Figueira Dos Cavaleiros,0
319,Ribeira Grande (Matriz),0
307,Praia Da Vitória (Santa Cruz),0
308,Quatro Ribeiras,0
310,Vila Nova,0
311,Fenais Da Ajuda,0
312,Lomba Da Maia,0
313,Lomba De São Pedro,0
315,Pico Da Pedra,0
316,Porto Formoso,0
317,Rabo De Peixe,0
318,Ribeira Grande (Conceição),0
320,Guadalupe,0
305,Lajes,0
322,Santa Cruz Da Graciosa,0
323,Caveira,0
324,Ponta Delgada,0
325,Santa Cruz Das Flores,0
326,Prainha,0
328,Santo Amaro,0
329,São Roque Do Pico,0
330,Manadas (Santa Bárbara),0
331,Norte Grande (Neves),0
332,Rosais,0
306,Porto Martins,0
304,Fontinhas,0
389,Ferreira Do Alentejo,0
289,Rosto Do Cão (São Roque),0
279,Feteiras,0
280,Ginetes,0
281,Mosteiros,0
282,Pilar Da Bretanha,0
283,Ponta Delgada (São José),0
284,Ponta Delgada (São Pedro),0
285,Ponta Delgada (São Sebastião),0
286,Relva,0
287,Remédios,0
288,Rosto Do Cão (Livramento),0
291,Santo António,0
303,Fonte Do Bastardo,0
292,São Vicente Ferreira,0
293,Sete Cidades,0
294,Água Retorta,0
295,Faial Da Terra,0
296,Furnas,0
297,Nossa Senhora Dos Remédios,0
298,Povoação,0
299,Ribeira Quente,0
301,Biscoitos,0
302,Cabo Da Praia,0
333,Urzelina (São Mateus),0
334,Velas (São Jorge),0
335,Almagreira,0
377,Trindade,0
367,Cabeça Gorda,0
368,Mombeja,0
369,Nossa Senhora Das Neves,0
370,Quintos,0
371,Salvada,0
372,Santa Clara De Louredo,0
373,Santa Vitória,0
374,São Brissos,0
375,São Matias,0
376,Trigaches,0
378,Casével,0
336,Santo Espírito,0
379,Castro Verde,0
380,Entradas,0
381,Santa Bárbara De Padrões,0
382,São Marcos Da Ataboeira,0
383,Cuba,0
384,Faro Do Alentejo,0
385,Vila Alva,0
386,Vila Ruiva,0
387,Alfundão,0
388,Canhestros,0
366,Beringel,0
363,Beja (Santa Maria Da Feira),0
362,Beja (Salvador),0
361,Baleizão,0
337,São Pedro,0
338,Vila Do Porto,0
339,Água De Alto,0
340,Ponta Garça,0
341,Ribeira Das Taínhas,0
342,Vila Franca Do Campo (São Miguel),0
343,Vila Franca Do Campo (São Pedro),0
344,Aljustrel,0
345,Ervidel,0
347,Rio De Moinhos,0
349,Aldeia Dos Fernandes,0
350,Almodôvar,0
352,Rosário,0
353,Santa Clara-A-Nova,0
354,Santa Cruz,0
355,São Barnabé,0
356,Senhora Da Graça De Padrões,0
357,Alvito,0
358,Vila Nova Da Baronia,0
359,Barrancos,0
360,Albernoa,0
1002,Cortiços,0
1003,Corujas,0
1004,Edroso,0
1606,Azinhal,0
1593,Guia,0
1595,Paderne,0
1597,Giões,0
1598,Martim Longo,0
1599,Pereiro,0
1600,Vaqueiros,0
1601,Aljezur,0
1602,Bordeira,0
1603,Odeceixe,0
1604,Rogil,0
1608,Odeleite,0
1589,Vila Viçosa (Conceição),0
1614,Carvoeiro,0
1619,Barão De São João,0
1620,Bensafrim,0
1625,Alte,0
1626,Ameixial,0
1627,Benafim,0
1632,Querença,0
1633,Salir,0
1634,Tôr,0
1635,Alferce,0
1590,Vila Viçosa (São Bartolomeu),0
1588,Pardais,0
1655,Cachopo,0
1575,São Bartolomeu Do Outeiro,0
1565,Silveiras,0
1566,Brotas,0
1567,Cabeção,0
1568,Mora,0
1569,Pavia,0
1570,Granja,0
1571,Alqueva,0
1572,Monte Do Trigo,0
1573,Oriola,0
1574,Portel,0
1576,Montoito,0
1587,Ciladas,0
1577,Redondo,0
1578,Campinho,0
1579,Corval,0
1580,Monsaraz,0
1581,Reguengos De Monsaraz,0
1582,Landeira,0
1583,Vendas Novas,0
1584,Alcáçovas,0
1585,Viana Do Alentejo,0
1586,Bencatel,0
1636,Marmelete,0
1656,Santa Catarina Da Fonte Do Bispo,0
1718,Vale De Azares,0
1704,Baraçal,0
1694,Naves,0
1695,Peva,0
1696,Porto De Ovelha,0
1697,São Pedro De Rio Seco,0
1698,Senouras,0
1699,Vale Da Mula,0
1700,Vale De Coelha,0
1701,Vale Verde,0
1702,Vilar Formoso,0
1703,Açores,0
1705,Carrapichana,0
1692,Monte Perobolço,0
1706,Casas Do Soeiro,0
1707,Celorico (Santa Maria),0
1709,Cortiçô Da Serra,0
1710,Forno Telheiro,0
1711,Lajeosa Do Mondego,0
1712,Maçal Do Chão,0
1713,Minhocal,0
1714,Prados,0
1715,Rapa,0
1716,Ratoeira,0
1693,Nave De Haver,0
1691,Miuzela,0
1663,Vila Do Bispo,0
1678,Almeida,0
1667,Aguiar Da Beira,0
1668,Carapito,0
1669,Cortiçada,0
1671,Eirado,0
1672,Forninhos,0
1673,Gradiz,0
1674,Pena Verde,0
1675,Souto De Aguiar Da Beira,0
1676,Ade,0
1677,Aldeia Nova,0
1679,Amoreira,0
1690,Mido,0
1680,Cabreira,0
1681,Castelo Bom,0
1682,Castelo Mendo,0
1683,Freineda,0
1684,Freixo,0
1685,Junça,0
1686,Leomil,0
1687,Malhada Sorda,0
1688,Malpartida,0
1689,Mesquitela,0
1564,São Cristóvão,0
1563,Santiago Do Escoural,0
1562,Nossa Senhora Do Bispo,0
1489,Granja Do Ulmeiro,0
1479,Espinhal,0
1480,Penela (Santa Eufémia),0
1481,Penela (São Miguel),0
1482,Podentes,0
1483,Rabaçal,0
1484,Alfarelos,0
1485,Brunhós,0
1486,Degracias,0
1487,Figueiró Do Campo,0
1488,Gesteira,0
1490,Pombalinho,0
1477,Travanca Do Mondego,0
1491,Samuel,0
1493,Tapéus,0
1494,Vila Nova De Anços,0
1495,Vinha Da Rainha,0
1496,Ázere,0
1497,Candosa,0
1498,Carapinha,0
1500,Espariz,0
1501,Meda De Mouros,0
1502,Mouronho,0
1478,Cumeeira,0
1476,Sazes Do Lorvão,0
1561,Nossa Senhora Da Vila,0
1463,Machio,0
1452,São Gião,0
1454,São Sebastião Da Feira,0
1455,Seixo Da Beira,0
1456,Travanca De Lagos,0
1457,Vila Franca Da Beira,0
1458,Vila Pouca Da Beira,0
1459,Cabril,0
1460,Dornelas Do Zêzere,0
1461,Fajão,0
1462,Janeiro De Baixo,0
1464,Pampilhosa Da Serra,0
1475,São Pedro De Alva,0
1465,Pessegueiro,0
1466,Portela Do Fojo,0
1467,Unhais-O-Velho,0
1468,Vidual,0
1469,Figueira De Lorvão,0
1470,Friúmes,0
1471,Lorvão,0
1472,Oliveira Do Mondego,0
1473,Penacova,0
1474,São Paio De Mondego,0
1503,Pinheiro De Coja,0
1504,Póvoa De Midões,0
1505,São João Da Boa Vista,0
1547,Nossa Senhora De Machede,0
1533,São Bento Do Ameixial,0
1534,São Bento Do Cortiço,0
1535,São Domingos De Ana Loura,0
1536,São Lourenço De Mamporcão,0
1538,Canaviais,0
1539,Évora (Santo Antão),0
1543,Nossa Senhora Da Boa Fé,0
1544,Nossa Senhora Da Graça Do Divor,0
1545,Nossa Senhora Da Tourega,0
1546,Nossa Senhora De Guadalupe,0
1548,São Bento Do Mato,0
1506,Sinde,0
1549,São Manços,0
1550,São Miguel De Machede,0
1551,São Sebastião Da Giesteira,0
1552,São Vicente Do Pigeiro,0
1555,Torre De Coelheiros,0
1556,Cabrela,0
1557,Ciborro,0
1558,Cortiçadas De Lavre,0
1559,Foros De Vale De Figueira,0
1560,Lavre,0
1532,São Bento De Ana Loura,0
1531,Santo Estêvão,0
1530,Santa Vitória Do Ameixial,0
1529,Évora Monte (Santa Maria),0
1507,Tábua,0
1508,Vila Nova De Oliveirinha,0
1509,Lavegadas,0
1510,Poiares (Santo André),0
1511,São Miguel De Poiares,0
1512,Alandroal (Nossa Senhora Da Conceição),0
1513,Capelins (Santo António),0
1514,Juromenha (Nossa Senhora Do Loreto),0
1515,Santiago Maior,0
1516,São Brás Dos Matos (Mina Do Bugalho),0
1517,Terena (São Pedro),0
1518,Arraiolos,0
1519,Gafanhoeira (São Pedro),0
1520,Igrejinha,0
1521,Sabugueiro,0
1523,São Gregório,0
1524,Borba (Matriz),0
1525,Borba (São Bartolomeu),0
1526,Orada,0
1527,Estremoz (Santa Maria),0
1528,Estremoz (Santo André),0
1717,Salgueirais,0
1719,Velosa,0
1450,Penalva De Alva,0
1868,Malcata,0
1858,Aldeia Da Ribeira,0
1859,Aldeia De Santo António,0
1860,Aldeia Velha,0
1861,Alfaiates,0
1862,Badamalos,0
1863,Bendada,0
1864,Bismula,0
1865,Casteleiro,0
1866,Fóios,0
1867,Forcalhos,0
1869,Nave,0
1856,Águas Belas,0
1870,Pena Lobo,0
1871,Pousafoles Do Bispo,0
1872,Quadrazais,0
1873,Quintas De São Bartolomeu,0
1874,Rapoula Do Côa,0
1875,Rebolosa,0
1876,Rendo,0
1877,Ruivós,0
1878,Ruvina,0
1879,Sabugal,0
1857,Aldeia Da Ponte,0
1855,Vascoveiro,0
1881,Sortelha,0
1840,Ervas Tenras,0
1828,Pai Penela,0
1829,Poço Do Canto,0
1830,Prova,0
1832,Vale Flor,0
1833,Alverca Da Beira,0
1835,Azevo,0
1836,Bogalhal,0
1837,Bouça Cova,0
1838,Cerejo,0
1839,Cidadelhe,0
1841,Freixedas,0
1854,Vale De Madeira,0
1842,Lamegal,0
1843,Lameiras,0
1844,Manigoto,0
1845,Pala,0
1846,Pinhel,0
1847,Pínzio,0
1848,Póvoa D' El-Rei,0
1849,Safurdão,0
1851,Sorval,0
1852,Souro Pires,0
1880,Seixo Do Côa,0
1882,Vale Das Éguas,0
1720,Vide Entre Vinhas,0
1920,Reboleiro,0
1910,Vila Cova À Coelheira,0
1911,Carnicães,0
1912,Cogula,0
1913,Cótimos,0
1914,Feital,0
1915,Freches,0
1916,Guilheiro,0
1917,Moimentinha,0
1918,Moreira De Rei,0
1919,Póvoa Do Concelho,0
1921,Rio De Mel,0
1908,Várzea De Meruge,0
1922,Sebadelhe Da Serra,0
1923,Souto Maior,0
1924,Tamanhos,0
1925,Terrenho,0
1926,Torre Do Terrenho,0
1927,Torres,0
1930,Valdujo,0
1931,Vale Do Seixo,0
1932,Vila Franca Das Naves,0
1933,Vilares,0
1909,Vide,0
1907,Valezim,0
1883,Vale De Espinho,0
1894,Pinhanços,0
1884,Vale Longo,0
1885,Vila Do Touro,0
1886,Vilar Maior,0
1887,Alvoco Da Serra,0
1888,Cabeça,0
1889,Carragozela,0
1890,Folhadosa,0
1891,Girabolhos,0
1892,Lapa Dos Dinheiros,0
1893,Loriga,0
1895,Sameice,0
1906,Travancinha,0
1896,Sandomil,0
1897,Santa Comba,0
1898,Santa Marinha,0
1899,Santiago,0
1900,São Martinho,0
1901,São Romão,0
1902,Sazes Da Beira,0
1903,Seia,0
1904,Torrozelo,0
1905,Tourais,0
1827,Outeiro De Gatos,0
1826,Mêda,0
1825,Marialva,0
1758,Melo,0
1748,Vila Soeiro Do Chão,0
1749,Aldeias,0
1750,Cativelos,0
1751,Figueiró Da Serra,0
1752,Folgosinho,0
1753,Freixo Da Serra,0
1754,Gouveia (São Julião),0
1755,Gouveia (São Pedro),0
1756,Lagarinhos,0
1757,Mangualde Da Serra,0
1759,Moimenta Da Serra,0
1746,Queiriz,0
1760,Nabais,0
1761,Paços Da Serra,0
1762,Ribamondego,0
1763,Rio Torto,0
1764,São Paio,0
1765,Vila Cortês Da Serra,0
1766,Vila Franca Da Serra,0
1767,Vila Nova De Tazem,0
1768,Vinhó,0
1769,Adão,0
1747,Sobral Pichorro,0
1745,Muxagata,0
1824,Longroiva,0
1731,Quintã De Pêro Martins,0
1721,Vila Boa Do Mondego,0
1722,Algodres,0
1723,Almofala,0
1724,Castelo Rodrigo,0
1725,Cinco Vilas,0
1726,Escalhão,0
1727,Figueira De Castelo Rodrigo,0
1728,Freixeda Do Torrão,0
1729,Mata De Lobos,0
1730,Penha De Águia,0
1732,Reigada,0
1744,Matança,0
1733,Vale De Afonsinho,0
1734,Vermiosa,0
1735,Vilar De Amargo,0
1736,Vilar Torpim,0
1737,Casal Vasco,0
1738,Cortiçô,0
1739,Figueiró Da Granja,0
1741,Fuinhas,0
1742,Juncais,0
1743,Maceira,0
1770,Albardo,0
1771,Aldeia Viçosa,0
1772,Alvendre,0
1812,Vila Fernando,0
1801,Rochoso,0
1802,Santana Da Azinha,0
1804,Seixo Amarelo,0
1805,Sobral Da Serra,0
1806,Trinta,0
1807,Vale De Estrela,0
1808,Valhelhas,0
1809,Vela,0
1810,Videmonte,0
1811,Vila Cortês Do Mondego,0
1813,Vila Franca Do Deão,0
1773,Avelãs Da Ribeira,0
1814,Vila Garcia,0
1815,Vila Soeiro,0
1816,Manteigas (Santa Maria),0
1817,Manteigas (São Pedro),0
1818,Sameiro,0
1819,Vale De Amoreira,0
1820,Aveloso,0
1821,Barreira,0
1822,Casteição,0
1823,Coriscada,0
1800,Rocamondo,0
1799,Ribeira Dos Carinhos,0
1798,Ramela,0
1797,Porto Da Carne,0
1774,Avelãs De Ambom,0
1775,Benespera,0
1776,Carvalhal Meão,0
1777,Casal De Cinza,0
1778,Cavadoude,0
1779,Codesseiro,0
1780,Corujeira,0
1781,Famalicão,0
1782,Fernão Joanes,0
1783,Gonçalo,0
1784,Gonçalo Bocas,0
1786,Guarda (Sé),0
1787,Jarmelo (São Miguel),0
1788,Jarmelo (São Pedro),0
1789,João Antão,0
1790,Meios,0
1791,Mizarela,0
1792,Monte Margarida,0
1794,Pega,0
1795,Pêra Do Moço,0
1,Aguada De Baixo,0
1451,Santa Ovaia,0
1448,Meruge,0
1005,Espadanedo,0
1147,Edral,0
1137,Santulhão,0
1138,Uva,0
1139,Vale De Frades,0
1140,Vilar Seco,0
1141,Vimioso,0
1142,Agrochão,0
1143,Alvaredos,0
1144,Candedo,0
1145,Celas,0
1146,Curopos,0
1148,Edrosa,0
1135,Matela,0
1149,Ervedosa,0
1150,Fresulfe,0
1151,Mofreita,0
1152,Montouto,0
1153,Nunes,0
1154,Ousilhão,0
1155,Paçó,0
1156,Penhas Juntas,0
1157,Pinheiro Novo,0
1158,Quirás,0
1136,Pinelo,0
1134,Carção,0
1160,Santalha,0
1121,Santa Comba De Vilariça,0
1111,Benlhevai,0
1112,Candoso,0
1113,Carvalho De Egas,0
1114,Freixiel,0
1115,Lodões,0
1116,Mourão,0
1117,Nabo,0
1118,Roios,0
1119,Samões,0
1120,Sampaio,0
1122,Seixo De Manhoses,0
1133,Campo De Víboras,0
1123,Vale Frechoso,0
1124,Valtorno,0
1125,Vila Flor,0
1126,Vilarinho Das Azenhas,0
1127,Vilas Boas,0
1128,Algoso,0
1129,Angueira,0
1130,Argozelo,0
1131,Avelanoso,0
1132,Caçarelhos,0
1159,Rebordelo,0
1161,São Jomil,0
1212,Covilhã (São Pedro),0
1199,Sobral Do Campo,0
1189,Malpica Do Tejo,0
1190,Mata,0
1191,Monforte Da Beira,0
1192,Ninho Do Açor,0
1193,Póvoa De Rio De Moinhos,0
1194,Retaxo,0
1195,Salgueiro Do Campo,0
1196,Santo André Das Tojeiras,0
1197,São Vicente Da Beira,0
1198,Sarzedas,0
1200,Tinalhas,0
1187,Lardosa,0
1201,Aldeia De São Francisco De Assis,0
1202,Aldeia Do Souto,0
1203,Boidobra,0
1204,Canhoso,0
1205,Cantar-Galo,0
1206,Casegas,0
1207,Cortes Do Meio,0
1208,Coutada,0
1209,Covilhã (Conceição),0
1210,Covilhã (Santa Maria),0
1188,Louriçal Do Campo,0
1186,Juncal Do Campo,0
1162,Sobreiró De Baixo,0
1173,Belmonte,0
1163,Soeira,0
1164,Tuizelo,0
1165,Vale Das Fontes,0
1166,Vale De Janeiro,0
1167,Vila Boa De Ousilhão,0
1168,Vilar De Lomba,0
1169,Vilar De Ossos,0
1170,Vilar De Peregrinos,0
1171,Vilar Seco De Lomba,0
1172,Vinhais,0
1174,Caria,0
1185,Freixial Do Campo,0
1175,Colmeal Da Torre,0
1176,Inguias,0
1177,Maçainhas,0
1178,Alcains,0
1179,Almaceda,0
1180,Benquerenças,0
1181,Cafede,0
1182,Cebolais De Cima,0
1183,Escalos De Baixo,0
1184,Escalos De Cima,0
1110,Assares,0
1109,Torre De Moncorvo,0
1108,Souto Da Velha,0
1043,Abreiro,0
1033,Ifanes,0
1034,Malhadas,0
1035,Miranda Do Douro,0
1036,Palaçoulo,0
1037,Picote,0
1038,Póvoa,0
1039,São Martinho De Angueira,0
1040,Sendim,0
1041,Vila Chã De Braciosa,0
1042,Abambres,0
1044,Aguieiras,0
1031,Constantim,0
1045,Alvites,0
1046,Avantos,0
1047,Avidagos,0
1048,Barcel,0
1049,Bouça,0
1050,Caravelas,0
1051,Carvalhais,0
1052,Cedães,0
1053,Cobro,0
1054,Fradizela,0
1032,Genísio,0
1030,Cicouro,0
1107,Peredo Dos Castelhanos,0
1017,Santa Combinha,0
1006,Ferreira,0
1008,Lamalonga,0
1009,Lombo,0
1010,Macedo De Cavaleiros,0
1011,Morais,0
1012,Murçós,0
1013,Olmos,0
1014,Peredo,0
1015,Podence,0
1016,Salselas,0
1018,Sezulfe,0
1029,Atenor,0
1019,Soutelo Mourisco,0
1020,Talhas,0
1021,Talhinhas,0
1022,Vale Benfeito,0
1023,Vale Da Porca,0
1024,Vale De Prados,0
1025,Vilarinho De Agrochão,0
1026,Vilarinho Do Monte,0
1027,Vinhas,0
1028,Águas Vivas,0
1055,Franco,0
1056,Frechas,0
1057,Freixeda,0
1094,Vilar De Rei,0
1084,Remondes,0
1085,Saldanha,0
1086,Sanhoane,0
1087,São Martinho Do Peso,0
1088,Tó,0
1089,Urrós,0
1090,Vale Da Madre,0
1091,Vale De Porco,0
1092,Ventozelo,0
1093,Vila De Ala,0
1095,Vilarinho Dos Galegos,0
1058,Lamas De Orelhão,0
1096,Açoreira,0
1097,Adeganha,0
1098,Cabeça Boa,0
1099,Cardanha,0
1100,Carviçais,0
1101,Castedo,0
1102,Felgar,0
1103,Horta Da Vilariça,0
1104,Larinho,0
1106,Maçores,0
1083,Peredo Da Bemposta,0
1082,Penas Roias,0
1081,Mogadouro,0
1080,Meirinhos,0
1059,Marmelos,0
1060,Mascarenhas,0
1061,Mirandela,0
1062,Múrias,0
1063,Navalho,0
1064,Romeu,0
1065,São Pedro Velho,0
1066,São Salvador,0
1067,Sucçães,0
1068,Torre De Dona Chama,0
1069,Vale De Asnes,0
1070,Vale De Gouvinhas,0
1071,Vale De Salgueiro,0
1072,Vale De Telhas,0
1073,Azinhoso,0
1074,Bemposta,0
1075,Bruçó,0
1076,Brunhoso,0
1077,Brunhozinho,0
1078,Castanheira,0
1079,Castro Vicente,0
1211,Covilhã (São Martinho),0
1213,Dominguizo,0
1447,Lajeosa,0
1363,Brasfemes,0
1349,Outil,0
1350,Pocariça,0
1351,Portunhos,0
1352,Sanguinheira,0
1353,Sepins,0
1354,Tocha,0
1355,Vilamar,0
1356,Almalaguês,0
1360,Arzila,0
1362,Botão,0
1366,Cernache,0
1346,Febres,0
1371,Eiras,0
1372,Lamarosa,0
1375,São João Do Campo,0
1376,São Martinho De Árvore,0
1379,São Silvestre,0
1380,Souselas,0
1383,Torres Do Mondego,0
1385,Vil De Matos,0
1386,Anobra,0
1387,Belide,0
1348,Ourentã,0
1345,Covões,0
1390,Condeixa-A-Velha,0
1332,Pomares,0
1322,Arganil,0
1323,Barril De Alva,0
1324,Benfeita,0
1325,Celavisa,0
1326,Cepos,0
1327,Cerdeira,0
1328,Coja,0
1329,Folques,0
1330,Moura Da Serra,0
1331,Piódão,0
1333,Pombeiro Da Beira,0
1344,Corticeiro De Cima,0
1334,São Martinho Da Cortiça,0
1335,Secarias,0
1336,Teixeira,0
1337,Vila Cova De Alva,0
1338,Ançã,0
1339,Bolho,0
1340,Cadima,0
1341,Camarneira,0
1342,Cantanhede,0
1343,Cordinhã,0
1388,Bem Da Fé,0
1391,Ega,0
1214,Erada,0
1433,Meãs Do Campo,0
1423,Seixo,0
1424,Miranda Do Corvo,0
1425,Rio Vide,0
1426,Semide,0
1427,Abrunheira,0
1428,Arazede,0
1429,Carapinheira,0
1430,Ereira,0
1431,Gatões,0
1432,Liceia,0
1435,Santo Varão,0
1421,Mira,0
1436,Seixo De Gatões,0
1437,Tentúgal,0
1438,Verride,0
1439,Vila Nova Da Barca,0
1440,Aldeia Das Dez,0
1441,Alvoco Das Várzeas,0
1442,Avô,0
1443,Bobadela,0
1444,Ervedal,0
1446,Lagos Da Beira,0
1422,Praia De Mira,0
1420,Carapelhos,0
1392,Furadouro,0
1405,Moinhos Da Gândara,0
1394,Zambujal,0
1395,Alhadas,0
1396,Alqueidão,0
1397,Bom Sucesso,0
1398,Borda Do Campo,0
1399,Brenha,0
1401,Ferreira-A-Nova,0
1402,Lavos,0
1403,Maiorca,0
1404,Marinha Das Ondas,0
1406,Paião,0
1419,Serpins,0
1407,Quiaios,0
1410,Alvares,0
1411,Cadafaz,0
1412,Colmeal,0
1413,Góis,0
1414,Vila Nova Do Ceira,0
1415,Casal De Ermio,0
1416,Foz De Arouce,0
1417,Gândaras,0
1418,Lousã,0
1321,Anceriz,0
1320,Vila Velha De Ródão,0
1319,Sarnadas De Ródão,0
1253,Pêro Viseu,0
1241,Capinha,0
1242,Castelejo,0
1243,Castelo Novo,0
1245,Enxames,0
1246,Escarigo,0
1247,Fatela,0
1249,Janeiro De Cima,0
1250,Lavacolhos,0
1251,Mata Da Rainha,0
1252,Orca,0
1254,Póvoa De Atalaia,0
1239,Bogas De Baixo,0
1255,Salgueiro,0
1256,Soalheira,0
1257,Souto Da Casa,0
1258,Vale De Prazeres,0
1259,Alcafozes,0
1260,Aldeia De Santa Margarida,0
1261,Idanha-A-Nova,0
1262,Idanha-A-Velha,0
1263,Ladoeiro,0
1264,Medelim,0
1240,Bogas De Cima,0
1238,Barroca,0
1318,Perais,0
1225,Tortosendo,0
1215,Ferro,0
1216,Orjais,0
1217,Ourondo,0
1218,Paul,0
1219,Peraboa,0
1220,Peso,0
1221,São Jorge Da Beira,0
1222,Sarzedo,0
1223,Sobral De São Miguel,0
1224,Teixoso,0
1226,Unhais Da Serra,0
1237,Atalaia Do Campo,0
1227,Vale Formoso,0
1228,Vales Do Rio,0
1229,Verdelhos,0
1230,Vila Do Carvalho,0
1231,Alcaide,0
1232,Alcaria,0
1233,Alcongosta,0
1234,Aldeia De Joanes,0
1235,Aldeia Nova Do Cabo,0
1236,Alpedrinha,0
1265,Monfortinho,0
1266,Monsanto,0
1267,Oledo,0
1304,Castelo,0
1294,Penamacor,0
1295,Salvador,0
1296,Vale Da Senhora Da Póvoa,0
1297,Alvito Da Beira,0
1298,Montes Da Senhora,0
1299,Peral,0
1300,Proença-A-Nova,0
1301,São Pedro Do Esteval,0
1302,Sobreira Formosa,0
1303,Cabeçudo,0
1305,Cernache Do Bonjardim,0
1268,Penha Garcia,0
1306,Cumeada,0
1307,Ermida,0
1308,Marmeleiro,0
1309,Nesperal,0
1311,Pedrógão Pequeno,0
1312,Sertã,0
1313,Várzea Dos Cavaleiros,0
1314,Fundada,0
1315,São João Do Peso,0
1316,Vila De Rei,0
1293,Pedrógão De São Pedro,0
1292,Meimoa,0
1291,Meimão,0
1290,Benquerença,0
1269,Proença-A-Velha,0
1270,Rosmaninhal,0
1271,Salvaterra Do Extremo,0
1272,São Miguel De Acha,0
1273,Segura,0
1274,Toulões,0
1275,Zebreira,0
1276,Álvaro,0
1277,Amieira,0
1278,Cambas,0
1279,Estreito,0
1280,Isna,0
1281,Madeirã,0
1282,Orvalho,0
1283,Sarnadas De São Simão,0
1284,Sobral,0
1285,Vilar Barroco,0
1286,Águas,0
1287,Aldeia De João Pires,0
1288,Aldeia Do Bispo,0
1289,Aranhas,0
3591,Vouzela,0
