Parish,n_banners
Agadão,0
Aguada De Baixo,0
Aguada De Cima,6
Águeda,49
Barrô,0
Belazaima Do Chão,0
Borralha,0
Castanheira Do Vouga,0
Espinhel,0
Fermentelos,0
Lamas Do Vouga,0
Macieira De Alcoba,0
Macinhata Do Vouga,0
Óis Da Ribeira,0
Préstimo,0
Recardães,3
Segadães,2
Travassô,0
Trofa,0
Valongo Do Vouga,4
Albergaria-A-Velha,9
Alquerubim,0
Angeja,0
Branca,0
Frossos,10
Ribeira De Fráguas,0
São João De Loure,0
Valmaior,0
Aguim,0
Amoreira Da Gândara,0
Ancas,0
Arcos,0
Avelãs De Caminho,0
Avelãs De Cima,0
Mogofores,0
Moita,51
Óis Do Bairro,0
Paredes Do Bairro,0
Sangalhos,0
São Lourenço Do Bairro,0
Tamengos,0
Vila Nova De Monsarros,0
Vilarinho Do Bairro,0
Albergaria Da Serra,0
Alvarenga,0
Arouca,0
Burgo,0
Cabreiros,0
Canelas,0
Chave,0
Covelo De Paivó,0
Escariz,0
Espiunca,0
Fermedo,0
Janarde,0
Mansores,0
Moldes,0
Rossas,0
Santa Eulália,0
São Miguel Do Mato,0
Tropeço,0
Urrô,0
Várzea,0
Aradas,36
Cacia,3
Eirol,0
Eixo,4
Esgueira,79
Glória,0
Nariz,0
Nossa Senhora De Fátima,0
Oliveirinha,0
Requeixo,0
Santa Joana,6
São Bernardo,8
São Jacinto,0
Vera Cruz,0
Bairros,0
Fornos,2
Paraíso,0
Pedorido,0
Raiva,0
Real,0
Santa Maria De Sardoura,0
São Martinho De Sardoura,0
Sobrado,6
Anta,49
Espinho,0
Guetim,10
Paramos,12
Silvalde,30
Avanca,10
Beduído,16
Fermelã,6
Pardilhó,1
Salreu,10
Veiros,0
Gafanha Da Encarnação,19
Gafanha Da Nazaré,24
Gafanha Do Carmo,7
Ílhavo (São Salvador),43
Antes,0
Barcouço,0
Casal Comba,2
Luso,0
Mealhada,0
Pampilhosa,0
Vacariça,0
Ventosa Do Bairro,2
Bunheiro,0
Monte,0
Murtosa,0
Torreira,0
Carregosa,4
Cesar,2
Fajões,2
Loureiro,0
Macinhata Da Seixa,2
Madail,1
Nacieira De Sarnes,1
Nogueira Do Cravo,0
Oliveira De Azeméis,67
Ossela,0
Palmaz,0
Pindelo,1
Pinheiro Da Bemposta,13
Santiago De Riba-Ul,8
São Martinho Da Gândara,0
São Roque,0
Travanca,0
Ul,0
Vila De Cucujães,13
Bustos,0
Mamarrosa,0
Oiã,0
Oliveira Do Bairro,6
Palhaça,0
Troviscal,0
Arada,0
Cortegaça,0
Esmoriz,0
Maceda,0
Ovar,42
São João,97
São Vicente De Pereira Jusã,2
Válega,3
Argoncilhe,7
Arrifana,2
Caldas De São Jorge,0
Canedo,0
Escapães,9
Espargo,6
Feira,133
Fiães,0
Gião,0
Guisande,0
Lobão,8
Louredo,0
Lourosa,0
Milheirós De Poiares,6
Mosteiró,0
Mozelos,0
Nogueira Da Regedoura,6
Paços De Brandão,6
Pigeiros,5
Rio Meão,13
Romariz,0
Sanfins,0
Sanguedo,0
Santa Maria De Lamas,13
São João De Ver,26
São Paio De Oleiros,12
Souto,0
Vale,0
Vila Maior,0
São João Da Madeira,108
Cedrim,0
Couto De Esteves,0
Dornelas,0
Paradela,0
Pessegueiro Do Vouga,0
Rocas Do Vouga,0
Sever Do Vouga,0
Silva Escura,14
Talhadas,0
Calvão,0
Covão Do Lobo,0
Fonte De Angeão,0
Gafanha Da Boa Hora,0
Ouca,0
Ponte De Vagos,0
Santa Catarina,9
Santo André De Vagos,1
Santo António De Vagos,0
Sosa,0
Vagos,3
Arões,0
Cepelos,1
Codal,0
Junqueira,0
Macieira De Cambra,0
Roge,0
São Pedro De Castelões,0
Vila Chã,0
Vila Cova De Perrinho,0
Altares,0
Angra (Nossa Senhora Da Conceição),0
Angra (Santa Luzia),0
Angra (São Pedro),0
Angra (Sé),0
Cinco Ribeiras,0
Doze Ribeiras,0
Feteira,0
Porto Judeu,0
Posto Santo,0
Raminho,0
Ribeirinha,0
Santa Bárbara,0
São Bartolomeu De Regatos,0
São Bento,0
São Mateus Da Calheta,0
Serreta,0
Terra Chã,0
Vila De São Sebastião,0
Calheta,0
Norte Pequeno,0
Ribeira Seca,0
Santo Antão,0
Topo (Nossa Senhora Do Rosário),0
Corvo,0
Capelo,0
Castelo Branco,80
Cedros,0
Flamengos,0
Horta (Angústias),0
Horta (Conceição),0
Horta (Matriz),0
Pedro Miguel,0
Praia Do Almoxarife,0
Praia Do Norte,0
Salão,0
Água De Pau,0
Cabouco,0
Lagoa (Nossa Senhora Do Rosário),0
Lagoa (Santa Cruz),0
Ribeira Chã,0
Fajã Grande,0
Fajãzinha,0
Fazenda,0
Lajedo,0
Lajes Das Flores,0
Lomba,25
Mosteiro,0
Calheta De Nesquim,0
Lajes Do Pico,0
Piedade,0
Ribeiras,0
Bandeiras,0
Candelária,0
Criação Velha,0
Madalena,1
São Caetano,0
São Mateus,0
Achada,0
Achadinha,0
Algarvia,0
Lomba Da Fazenda,0
Nordeste,0
Salga,0
Santana,0
Santo António De Nordestinho,0
São Pedro De Nordestinho,0
Ajuda Da Bretanha,0
Arrifes,0
Capelas,0
Covoada,0
Fajã De Baixo,0
Fajã De Cima,0
Fenais Da Luz,0
Feteiras,0
Ginetes,0
Mosteiros,0
Pilar Da Bretanha,0
Ponta Delgada (São José),0
Ponta Delgada (São Pedro),0
Ponta Delgada (São Sebastião),0
Relva,0
Remédios,0
Rosto Do Cão (Livramento),0
Rosto Do Cão (São Roque),0
Santa Clara,60
Santo António,0
São Vicente Ferreira,0
Sete Cidades,0
Água Retorta,0
Faial Da Terra,0
Furnas,0
Nossa Senhora Dos Remédios,0
Povoação,0
Ribeira Quente,0
Agualva,101
Biscoitos,0
Cabo Da Praia,0
Fonte Do Bastardo,0
Fontinhas,0
Lajes,0
Porto Martins,0
Praia Da Vitória (Santa Cruz),0
Quatro Ribeiras,0
São Brás,65
Vila Nova,0
Fenais Da Ajuda,0
Lomba Da Maia,0
Lomba De São Pedro,0
Maia,102
Pico Da Pedra,0
Porto Formoso,0
Rabo De Peixe,0
Ribeira Grande (Conceição),0
Ribeira Grande (Matriz),0
Guadalupe,0
Luz,6
Santa Cruz Da Graciosa,0
Caveira,0
Ponta Delgada,0
Santa Cruz Das Flores,0
Prainha,0
Santa Luzia,12
Santo Amaro,0
São Roque Do Pico,0
Manadas (Santa Bárbara),0
Norte Grande (Neves),0
Rosais,0
Urzelina (São Mateus),0
Velas (São Jorge),0
Almagreira,0
Santo Espírito,0
São Pedro,0
Vila Do Porto,0
Água De Alto,0
Ponta Garça,0
Ribeira Das Taínhas,0
Vila Franca Do Campo (São Miguel),0
Vila Franca Do Campo (São Pedro),0
Aljustrel,0
Ervidel,0
Messejana,4
Rio De Moinhos,0
São João De Negrilhos,2
Aldeia Dos Fernandes,0
Almodôvar,0
Gomes Aires,2
Rosário,0
Santa Clara-A-Nova,0
Santa Cruz,0
São Barnabé,0
Senhora Da Graça De Padrões,0
Alvito,0
Vila Nova Da Baronia,0
Barrancos,0
Albernoa,0
Baleizão,0
Beja (Salvador),0
Beja (Santa Maria Da Feira),0
Beja (Santiago Maior),1
Beja (São João Baptista),5
Beringel,0
Cabeça Gorda,0
Mombeja,0
Nossa Senhora Das Neves,0
Quintos,0
Salvada,0
Santa Clara De Louredo,0
Santa Vitória,0
São Brissos,0
São Matias,0
Trigaches,0
Trindade,0
Casével,0
Castro Verde,0
Entradas,0
Santa Bárbara De Padrões,0
São Marcos Da Ataboeira,0
Cuba,0
Faro Do Alentejo,0
Vila Alva,0
Vila Ruiva,0
Alfundão,0
Canhestros,0
Ferreira Do Alentejo,0
Figueira Dos Cavaleiros,0
Odivelas,222
Peroguarda,0
Alcaria Ruiva,0
Corte Do Pinto,0
Espírito Santo,0
Mértola,0
Santana De Cambas,0
São João Dos Caldeireiros,0
São Miguel Do Pinheiro,0
São Pedro De Solis,0
São Sebastião Dos Carros,0
Amareleja,0
Moura (Santo Agostinho),0
Moura (São João Baptista),0
Póvoa De São Miguel,0
Safara,0
Santo Aleixo Da Restauração,0
Santo Amador,0
Sobral Da Adiça,0
Bicos,0
Boavista Dos Pinheiros,0
Colos,0
Longueira/Almograve,0
Luzianes-Gare,0
Odemira (Santa Maria),0
Odemira (São Salvador),0
Pereiras-Gare,0
Relíquias,0
Saboia,0
Santa Clara-A-Velha,0
São Luís,0
São Martinho Das Amoreiras,0
São Teotónio,0
Vale De Santiago,0
Vila Nova De Milfontes,0
Zambujeira Do Mar,0
Conceição,1
Garvão,0
Ourique,1
Panóias,0
Santana Da Serra,0
Aldeia Nova De São Bento,0
Brinches,0
Pias,0
Serpa (Salvador),0
Serpa (Santa Maria),0
Vale De Vargo,0
Vila Verde De Ficalho,0
Pedrógão,0
Selmes,0
Vidigueira,0
Vila De Frades,0
Amares,0
Barreiros,0
Besteiros,0
Bico,0
Bouro (Santa Maria),0
Bouro (Santa Marta),0
Caires,0
Caldelas,14
Carrazedo,0
Ferreiros,0
Figueiredo,0
Fiscal,0
Goães,0
Lago,0
Paranhos,349
Paredes Secas,0
Portela,0
Prozelo,0
Rendufe,0
Sequeiros,0
Seramil,0
Torre,0
Vilela,0
Abade De Neiva,0
Aborim,0
Adães,0
Aguiar,0
Airó,0
Aldreu,0
Alheira,0
Alvelos,0
Alvito (São Martinho),0
Alvito (São Pedro),0
Arcozelo,0
Areias,0
Areias De Vilar,0
Balugães,0
Barcelinhos,14
Barcelos,26
Barqueiros,0
Bastuço (Santo Estevão),0
Bastuço (São João),0
Cambeses,0
Campo,0
Carapeços,0
Carreira,8
Carvalhal,0
Carvalhos,0
Chavão,0
Chorente,0
Cossourado,0
Courel,0
Couto,0
Creixomil,45
Cristelo,0
Durrães,0
Encourados,0
Faria,0
Feitos,0
Fonte Coberta,0
Fornelos,0
Fragoso,0
Galegos (Santa Maria),0
Galegos (São Martinho),0
Gamil,0
Gilmonde,0
Góios,0
Grimancelos,0
Gueral,0
Igreja Nova,18
Lama,6
Lijó,0
Macieira De Rates,0
Manhente,0
Mariz,0
Martim,0
Midões,0
Milhazes,0
Minhotães,0
Monte De Fralães,0
Moure,0
Negreiros,0
Oliveira,0
Palme,0
Panque,0
Pedra Furada,0
Pereira,0
Perelhal,0
Pousa,0
Quintiães,0
Remelhe,0
Rio Covo (Santa Eugénia),0
Rio Covo (Santa Eulália),0
Roriz,0
Sequeade,0
Silva,0
Silveiros,0
Tamel (Santa Leocádia),0
Tamel (São Pedro Fins),0
Tamel (São Veríssimo),0
Tregosa,0
Ucha,0
Viatodos,0
Vila Boa,0
Vila Cova,0
Vila Frescainha (São Martinho),11
Vila Frescainha (São Pedro),6
Vila Seca,0
Vilar De Figos,0
Vilar Do Monte,0
Adaúfe,16
Arentim,0
Aveleda,0
Braga (Cividade),10
Braga (Maximinos),35
Braga (São João Do Souto),19
Braga (São José De São Lázaro),93
Braga (São Vicente),30
Braga (São Vítor),123
Braga (Sé),7
Celeirós,0
Crespos,0
Cunha,0
Dume,19
Escudeiros,0
Esporões,0
Este (São Mamede),6
Este (São Pedro),14
Figueiredo 1,0
Fradelos,0
Fraião,24
Gondizalves,4
Gualtar,32
Lamaçães,27
Lamas,0
Lomar,16
Merelim (São Paio),10
Merelim (São Pedro),0
Mire De Tibães,0
Morreira,3
Navarra,0
Nogueira,0
Nogueiró,18
Oliveira (São Pedro),0
Padim Da Graça,0
Palmeira,0
Panoias,0
Parada De Tibães,0
Passos (São Julião),0
Pedralva,0
Penso (Santo Estêvão),0
Penso (São Vicente),0
Pousada,0
Priscos,0
Ruilhe,0
Santa Lucrécia De Algeriz,1
Semelhe,6
Sequeira,1
Tadim,2
Tebosa,9
Tenões,29
Trandeiras,0
Vilaça,0
Vimieiro,0
Abadim,0
Alvite,0
Arco De Baúlhe,0
Basto,0
Bucos,0
Cabeceiras De Basto,0
Cavez,0
Faia,0
Gondiães,0
Outeiro,0
Painzela,0
Passos,0
Pedraça,0
Refojos De Basto,0
Rio Douro,0
Vila Nune,0
Vilar De Cunhas,0
Agilde,0
Arnóia,0
Basto (Santa Tecla),0
Basto (São Clemente),0
Borba De Montanha,0
Britelo,0
Caçarilhe,0
Canedo De Basto,0
Carvalho,0
Codeçoso,0
Corgo,0
Fervença,0
Gagos,0
Gémeos,0
Infesta,0
Molares,0
Moreira Do Castelo,0
Ourilhe,0
Rego,0
Ribas,0
Vale De Bouro,0
Veade,0
Antas,0
Apúlia,11
Belinho,0
Curvos,0
Esposende,36
Fão,12
Fonte Boa,0
Forjães,0
Gandra,0
Gemeses,0
Mar,0
Marinhas,3
Palmeira De Faro,0
Rio Tinto,206
Aboim,0
Agrela,20
Antime,0
Ardegão,0
Armil,0
Arnozela,0
Arões (Santa Cristina),0
Arões (São Romão),0
Cepães,0
Estorãos,0
Fafe,7
Fareja,0
Felgueiras,0
Freitas,0
Golães,0
Gontim,0
Medelo,0
Moreira Do Rei,0
Pedraído,0
Queimadela,0
Quinchães,2
Regadas,0
Revelhe,0
Ribeiros,0
São Gens,2
Seidões,0
Serafão,0
Silvares (São Clemente),0
Silvares (São Martinho),0
Travassós,0
Várzea Cova,0
Vinhós,0
Abação,0
Airão (Santa Maria),0
Airão (São João Baptista),0
Aldão,2
Arosa,0
Atães,0
Azurém,39
Balazar,11
Barco,0
Briteiros (Salvador),0
Briteiros (Santa Leocádia),0
Briteiros (Santo Estêvão),4
Brito,15
Calvos,0
Candoso (Santiago),6
Candoso (São Martinho),0
Castelões,0
Conde,8
Corvite,0
Costa,15
Donim,0
Fermentões,18
Figueiredo 2,0
Gandarela,0
Gominhães,0
Gonça,0
Gondar,0
Gondomar,0
Guardizela,4
Guimarães (Oliveira Do Castelo),26
Guimarães (São Paio),35
Guimarães (São Sebastião),8
Infantas,0
Leitões,0
Longos,0
Lordelo,0
Mascotelos,0
Mesão Frio,20
Moreira De Cónegos,8
Nespereira,0
Oleiros,0
Pencelo,2
Pinheiro,0
Polvoreira,6
Ponte,0
Prazins (Santa Eufémia),2
Prazins (Santo Tirso),0
Ronfe,10
Sande (São Clemente),0
Sande (São Lourenço),0
Sande (São Martinho),8
Sande (Vila Nova),10
São Faustino,0
São Torcato,10
Selho (São Cristovão),0
Selho (São Jorge),13
Selho (São Lourenço),4
Serzedelo,0
Serzedo,36
Silvares,0
Sobreposta,0
Souto (Santa Maria),0
Souto (São Salvador),0
Tabuadelo,2
Urgezes,25
Vermil,0
Águas Santas,106
Ajude,0
Brunhais,0
Campos,0
Covelas,11
Esperança,0
Fonte Arcada,0
Frades,0
Friande,0
Galegos,4
Garfe,0
Geraz Do Minho,0
Lanhoso,0
Monsul,0
Póvoa De Lanhoso (Nossa Senhora Do Amparo),0
Rendufinho,0
Santo Emilião,0
São João De Rei,0
Sobradelo Da Goma,0
Taíde,0
Travassos,0
Verim,0
Balança,0
Brufe,33
Campo Do Gerês,0
Carvalheira,0
Chamoim,0
Chorense,0
Cibões,0
Covide,0
Gondoriz,0
Moimenta,0
Ribeira,0
Rio Caldo,0
Valdosende,0
Vilar,0
Vilar Da Veiga,0
Anissó,0
Anjos,47
Caniçada,0
Cantelães,0
Cova,0
Eira Vedra,0
Guilhofrei,0
Parada Do Bouro,0
Ruivães,0
Salamonde,0
Soengas,0
Soutelo,0
Tabuaças,0
Ventosa,0
Vieira Do Minho,1
Vilar Do Chão,0
Abade De Vermoim,0
Arnoso (Santa Eulália),0
Arnoso (Santa Maria),0
Avidos,0
Bairro,0
Bente,0
Cabeçudos,0
Calendário,5
Cavalões,0
Cruz,0
Delães,0
Esmeriz,0
Gavião,0
Gondifelos,0
Jesufrei,0
Joane,0
Lagoa,20
Landim,0
Lemenhe,0
Louro,0
Lousado,1
Mogege,0
Mouquim,0
Nine,0
Novais,0
Oliveira (Santa Maria),0
Oliveira (São Mateus),0
Outiz,0
Pedome,0
Pousada De Saramagos,0
Requião,0
Riba De Ave,0
Ribeirão,4
Seide (São Miguel),0
Seide (São Paio),1
Sezures,0
Telhado,0
Vale (São Cosme),0
Vale (São Martinho),0
Vermoim,85
Vila Nova De Famalicão,7
Vilarinho Das Cambas,0
Aboim Da Nóbrega,0
Atiães,0
Azões,0
Barbudo,1
Barros,0
Cabanelas,0
Carreiras (Santiago),0
Carreiras (São Miguel),0
Cervães,0
Codeceda,0
Coucieiro,0
Covas,0
Dossãos,0
Duas Igrejas,2
Escariz (São Mamede),0
Escariz (São Martinho),0
Esqueiros,0
Freiriz,0
Geme,0
Godinhaços,0
Gomide,0
Lage,0
Lanhas,0
Loureira,0
Marrancos,0
Mós,0
Nevogilde,77
Oriz (Santa Marinha),0
Oriz (São Miguel),0
Parada De Gatim,0
Passó,0
Pedregais,0
Penascais,0
Pico,0
Pico De Regalados,0
Portela Das Cabras,0
Prado (São Miguel),0
Rio Mau,0
Sabariz,0
Sande,0
Turiz,0
Valbom (São Martinho),0
Valbom (São Pedro),0
Valdreu,0
Valões,0
Vila De Prado,0
Vila Verde,0
Vilarinho,10
Caldas De Vizela (São João),23
Caldas De Vizela (São Miguel),34
Infias,0
Tagilde,0
Vizela (Santo Adrião),0
Vizela (São Paio),0
Agrobom,0
Alfândega Da Fé,0
Cerejais,0
Eucisia,0
Ferradosa,0
Gebelim,0
Gouveia,0
Parada,0
Pombal,3
Saldonha,0
Sambade,0
Sendim Da Ribeira,0
Sendim Da Serra,0
Soeima,0
Vale Pereiro,0
Vales,0
Valverde,0
Vilar Chão,0
Vilarelhos,0
Vilares De Vilariça,0
Alfaião,0
Babe,0
Baçal,0
Bragança (Santa Maria),0
Bragança (Sé),0
Calvelhe,0
Carragosa,0
Castrelos,0
Castro De Avelãs,0
Coelhoso,0
Deilão,0
Donai,0
Espinhosela,0
Failde,0
França,0
Gimonde,0
Gondesende,0
Gostei,0
Grijó De Parada,0
Izeda,0
Macedo Do Mato,0
Meixedo,0
Milhão,0
Paradinha Nova,0
Parâmio,0
Pinela,0
Pombares,0
Quintanilha,0
Quintela De Lampaças,0
Rabal,0
Rebordaínhos,0
Rebordãos,0
Rio De Onor,0
Rio Frio,0
Salsas,0
Samil,0
Santa Comba De Rossas,0
São Julião De Palácios,0
São Pedro De Sarracenos,0
Sendas,0
Serapicos,0
Sortes,0
Zóio,0
Amedo,0
Beira Grande,0
Belver,0
Carrazeda De Ansiães,0
Castanheiro,0
Fonte Longa,0
Lavandeira,0
Linhares,0
Marzagão,0
Mogo De Malta,0
Parambos,0
Pereiros,0
Pinhal Do Norte,0
Ribalonga,0
Seixo De Ansiães,0
Selores,0
Vilarinho Da Castanheira,0
Zedes,0
Freixo De Espada À Cinta,0
Lagoaça,0
Ligares,0
Mazouco,0
Poiares,0
Ala,0
Amendoeira,0
Arcas,0
Bagueixe,0
Bornes,0
Burga,0
Carrapatas,0
Castelãos,0
Chacim,0
Cortiços,0
Corujas,0
Edroso,0
Espadanedo,0
Ferreira,0
Grijó,38
Lamalonga,0
Lombo,0
Macedo De Cavaleiros,0
Morais,0
Murçós,0
Olmos,0
Peredo,0
Podence,0
Salselas,0
Santa Combinha,0
Sezulfe,0
Soutelo Mourisco,0
Talhas,0
Talhinhas,0
Vale Benfeito,0
Vale Da Porca,0
Vale De Prados,0
Vilarinho De Agrochão,0
Vilarinho Do Monte,0
Vinhas,0
Águas Vivas,0
Atenor,0
Cicouro,0
Constantim,0
Genísio,0
Ifanes,0
Malhadas,0
Miranda Do Douro,0
Palaçoulo,0
Picote,0
Póvoa,0
São Martinho De Angueira,0
Sendim,0
Vila Chã De Braciosa,0
Abambres,0
Abreiro,0
Aguieiras,0
Alvites,0
Avantos,0
Avidagos,0
Barcel,0
Bouça,0
Caravelas,0
Carvalhais,0
Cedães,0
Cobro,0
Fradizela,0
Franco,0
Frechas,0
Freixeda,0
Lamas De Orelhão,0
Marmelos,0
Mascarenhas,0
Mirandela,0
Múrias,0
Navalho,0
Romeu,0
São Pedro Velho,0
São Salvador,0
Sucçães,0
Torre De Dona Chama,0
Vale De Asnes,0
Vale De Gouvinhas,0
Vale De Salgueiro,0
Vale De Telhas,0
Azinhoso,0
Bemposta,0
Bruçó,0
Brunhoso,0
Brunhozinho,0
Castanheira,0
Castro Vicente,0
Meirinhos,0
Mogadouro,0
Penas Roias,0
Peredo Da Bemposta,0
Remondes,0
Saldanha,0
Sanhoane,0
São Martinho Do Peso,0
Tó,0
Urrós,0
Vale Da Madre,0
Vale De Porco,0
Ventozelo,0
Vila De Ala,0
Vilar De Rei,0
Vilarinho Dos Galegos,0
Açoreira,0
Adeganha,0
Cabeça Boa,0
Cardanha,0
Carviçais,0
Castedo,0
Felgar,0
Horta Da Vilariça,0
Larinho,0
Lousa,12
Maçores,0
Peredo Dos Castelhanos,0
Souto Da Velha,0
Torre De Moncorvo,0
Assares,0
Benlhevai,0
Candoso,0
Carvalho De Egas,0
Freixiel,0
Lodões,0
Mourão,0
Nabo,0
Roios,0
Samões,0
Sampaio,0
Santa Comba De Vilariça,0
Seixo De Manhoses,0
Vale Frechoso,0
Valtorno,0
Vila Flor,0
Vilarinho Das Azenhas,0
Vilas Boas,0
Algoso,0
Angueira,0
Argozelo,0
Avelanoso,0
Caçarelhos,0
Campo De Víboras,0
Carção,0
Matela,0
Pinelo,0
Santulhão,0
Uva,0
Vale De Frades,0
Vilar Seco,0
Vimioso,0
Agrochão,0
Alvaredos,0
Candedo,0
Celas,0
Curopos,0
Edral,0
Edrosa,0
Ervedosa,0
Fresulfe,0
Mofreita,0
Montouto,0
Nunes,0
Ousilhão,0
Paçó,0
Penhas Juntas,0
Pinheiro Novo,0
Quirás,0
Rebordelo,0
Santalha,0
São Jomil,0
Sobreiró De Baixo,0
Soeira,0
Tuizelo,0
Vale Das Fontes,0
Vale De Janeiro,0
Vila Boa De Ousilhão,0
Vilar De Lomba,0
Vilar De Ossos,0
Vilar De Peregrinos,0
Vilar Seco De Lomba,0
Vinhais,0
Belmonte,0
Caria,0
Colmeal Da Torre,0
Inguias,0
Maçainhas,0
Alcains,0
Almaceda,0
Benquerenças,0
Cafede,0
Cebolais De Cima,0
Escalos De Baixo,0
Escalos De Cima,0
Freixial Do Campo,0
Juncal Do Campo,0
Lardosa,0
Louriçal Do Campo,0
Malpica Do Tejo,0
Mata,0
Monforte Da Beira,0
Ninho Do Açor,0
Póvoa De Rio De Moinhos,0
Retaxo,0
Salgueiro Do Campo,0
Santo André Das Tojeiras,0
São Vicente Da Beira,0
Sarzedas,0
Sobral Do Campo,0
Tinalhas,0
Aldeia De São Francisco De Assis,0
Aldeia Do Souto,0
Boidobra,0
Canhoso,0
Cantar-Galo,0
Casegas,0
Cortes Do Meio,0
Coutada,0
Covilhã (Conceição),0
Covilhã (Santa Maria),0
Covilhã (São Martinho),0
Covilhã (São Pedro),0
Dominguizo,0
Erada,0
Ferro,0
Orjais,0
Ourondo,0
Paul,0
Peraboa,0
Peso,0
São Jorge Da Beira,0
Sarzedo,0
Sobral De São Miguel,0
Teixoso,0
Tortosendo,0
Unhais Da Serra,0
Vale Formoso,0
Vales Do Rio,0
Verdelhos,0
Vila Do Carvalho,0
Alcaide,0
Alcaria,0
Alcongosta,0
Aldeia De Joanes,0
Aldeia Nova Do Cabo,0
Alpedrinha,0
Atalaia Do Campo,0
Barroca,0
Bogas De Baixo,0
Bogas De Cima,0
Capinha,0
Castelejo,0
Castelo Novo,0
Donas,1
Enxames,0
Escarigo,0
Fatela,0
Fundão,35
Janeiro De Cima,0
Lavacolhos,0
Mata Da Rainha,0
Orca,0
Pêro Viseu,0
Póvoa De Atalaia,0
Salgueiro,0
Soalheira,0
Souto Da Casa,0
Vale De Prazeres,0
Alcafozes,0
Aldeia De Santa Margarida,0
Idanha-A-Nova,0
Idanha-A-Velha,0
Ladoeiro,0
Medelim,0
Monfortinho,0
Monsanto,0
Oledo,0
Penha Garcia,0
Proença-A-Velha,0
Rosmaninhal,0
Salvaterra Do Extremo,0
São Miguel De Acha,0
Segura,0
Toulões,0
Zebreira,0
Álvaro,0
Amieira,0
Cambas,0
Estreito,0
Isna,0
Madeirã,0
Orvalho,0
Sarnadas De São Simão,0
Sobral,0
Vilar Barroco,0
Águas,0
Aldeia De João Pires,0
Aldeia Do Bispo,0
Aranhas,0
Benquerença,0
Meimão,0
Meimoa,0
Pedrógão De São Pedro,0
Penamacor,0
Salvador,0
Vale Da Senhora Da Póvoa,0
Alvito Da Beira,0
Montes Da Senhora,0
Peral,0
Proença-A-Nova,0
São Pedro Do Esteval,0
Sobreira Formosa,0
Cabeçudo,0
Castelo,0
Cernache Do Bonjardim,0
Cumeada,0
Ermida,0
Marmeleiro,0
Nesperal,0
Palhais,2
Pedrógão Pequeno,0
Sertã,0
Várzea Dos Cavaleiros,0
Fundada,0
São João Do Peso,0
Vila De Rei,0
Fratel,2
Perais,0
Sarnadas De Ródão,0
Vila Velha De Ródão,0
Anceriz,0
Arganil,0
Barril De Alva,0
Benfeita,0
Celavisa,0
Cepos,0
Cerdeira,0
Coja,0
Folques,0
Moura Da Serra,0
Piódão,0
Pomares,0
Pombeiro Da Beira,0
São Martinho Da Cortiça,0
Secarias,0
Teixeira,0
Vila Cova De Alva,0
Ançã,0
Bolho,0
Cadima,0
Camarneira,0
Cantanhede,0
Cordinhã,0
Corticeiro De Cima,0
Covões,0
Febres,0
Murtede,2
Ourentã,0
Outil,0
Pocariça,0
Portunhos,0
Sanguinheira,0
Sepins,0
Tocha,0
Vilamar,0
Almalaguês,0
Ameal,3
Antanhol,2
Antuzede,1
Arzila,0
Assafarge,4
Botão,0
Brasfemes,0
Castelo Viegas,12
Ceira,5
Cernache,0
Coimbra (Almedina),17
Coimbra (Santa Cruz),104
Coimbra (São Bartolomeu),37
Coimbra (Sé Nova),100
Eiras,0
Lamarosa,0
Ribeira De Frades,8
Santo António Dos Olivais,296
São João Do Campo,0
São Martinho De Árvore,0
São Martinho Do Bispo,51
São Paulo De Frades,11
São Silvestre,0
Souselas,0
Taveiro,11
Torre De Vilela,7
Torres Do Mondego,0
Trouxemil,22
Vil De Matos,0
Anobra,0
Belide,0
Bem Da Fé,0
Condeixa-A-Nova,2
Condeixa-A-Velha,0
Ega,0
Furadouro,0
Sebal,1
Zambujal,0
Alhadas,0
Alqueidão,0
Bom Sucesso,0
Borda Do Campo,0
Brenha,0
Buarcos,44
Ferreira-A-Nova,0
Lavos,0
Maiorca,0
Marinha Das Ondas,0
Moinhos Da Gândara,0
Paião,0
Quiaios,0
São Julião Da Figueira Da Foz,59
Tavarede,43
Alvares,0
Cadafaz,0
Colmeal,0
Góis,0
Vila Nova Do Ceira,0
Casal De Ermio,0
Foz De Arouce,0
Gândaras,0
Lousã,0
Serpins,0
Carapelhos,0
Mira,0
Praia De Mira,0
Seixo,0
Miranda Do Corvo,0
Rio Vide,0
Semide,0
Abrunheira,0
Arazede,0
Carapinheira,0
Ereira,0
Gatões,0
Liceia,0
Meãs Do Campo,0
Montemor-O-Velho,1
Santo Varão,0
Seixo De Gatões,0
Tentúgal,0
Verride,0
Vila Nova Da Barca,0
Aldeia Das Dez,0
Alvoco Das Várzeas,0
Avô,0
Bobadela,0
Ervedal,0
Lagares,4
Lagos Da Beira,0
Lajeosa,0
Meruge,0
Oliveira Do Hospital,4
Penalva De Alva,0
Santa Ovaia,0
São Gião,0
São Paio De Gramaços,1
São Sebastião Da Feira,0
Seixo Da Beira,0
Travanca De Lagos,0
Vila Franca Da Beira,0
Vila Pouca Da Beira,0
Cabril,0
Dornelas Do Zêzere,0
Fajão,0
Janeiro De Baixo,0
Machio,0
Pampilhosa Da Serra,0
Pessegueiro,0
Portela Do Fojo,0
Unhais-O-Velho,0
Vidual,0
Figueira De Lorvão,0
Friúmes,0
Lorvão,0
Oliveira Do Mondego,0
Penacova,0
São Paio De Mondego,0
São Pedro De Alva,0
Sazes Do Lorvão,0
Travanca Do Mondego,0
Cumeeira,0
Espinhal,0
Penela (Santa Eufémia),0
Penela (São Miguel),0
Podentes,0
Rabaçal,0
Alfarelos,0
Brunhós,0
Degracias,0
Figueiró Do Campo,0
Gesteira,0
Granja Do Ulmeiro,0
Pombalinho,0
Samuel,0
Soure,1
Tapéus,0
Vila Nova De Anços,0
Vinha Da Rainha,0
Ázere,0
Candosa,0
Carapinha,0
Covelo,15
Espariz,0
Meda De Mouros,0
Mouronho,0
Pinheiro De Coja,0
Póvoa De Midões,0
São João Da Boa Vista,0
Sinde,0
Tábua,0
Vila Nova De Oliveirinha,0
Lavegadas,0
Poiares (Santo André),0
São Miguel De Poiares,0
Alandroal (Nossa Senhora Da Conceição),0
Capelins (Santo António),0
Juromenha (Nossa Senhora Do Loreto),0
Santiago Maior,0
São Brás Dos Matos (Mina Do Bugalho),0
Terena (São Pedro),0
Arraiolos,0
Gafanhoeira (São Pedro),0
Igrejinha,0
Sabugueiro,0
Santa Justa,137
São Gregório,0
Borba (Matriz),0
Borba (São Bartolomeu),0
Orada,0
Estremoz (Santa Maria),0
Estremoz (Santo André),0
Évora Monte (Santa Maria),0
Santa Vitória Do Ameixial,0
Santo Estêvão,0
São Bento De Ana Loura,0
São Bento Do Ameixial,0
São Bento Do Cortiço,0
São Domingos De Ana Loura,0
São Lourenço De Mamporcão,0
Bacelo,6
Canaviais,0
Évora (Santo Antão),0
Évora (São Mamede),1
Horta Das Figueiras,46
Malagueira,21
Nossa Senhora Da Boa Fé,0
Nossa Senhora Da Graça Do Divor,0
Nossa Senhora Da Tourega,0
Nossa Senhora De Guadalupe,0
Nossa Senhora De Machede,0
São Bento Do Mato,0
São Manços,0
São Miguel De Machede,0
São Sebastião Da Giesteira,0
São Vicente Do Pigeiro,0
Sé E São Pedro,4
Senhora Da Saúde,22
Torre De Coelheiros,0
Cabrela,0
Ciborro,0
Cortiçadas De Lavre,0
Foros De Vale De Figueira,0
Lavre,0
Nossa Senhora Da Vila,0
Nossa Senhora Do Bispo,0
Santiago Do Escoural,0
São Cristóvão,0
Silveiras,0
Brotas,0
Cabeção,0
Mora,0
Pavia,0
Granja,0
Alqueva,0
Monte Do Trigo,0
Oriola,0
Portel,0
São Bartolomeu Do Outeiro,0
Montoito,0
Redondo,0
Campinho,0
Corval,0
Monsaraz,0
Reguengos De Monsaraz,0
Landeira,0
Vendas Novas,0
Alcáçovas,0
Viana Do Alentejo,0
Bencatel,0
Ciladas,0
Pardais,0
Vila Viçosa (Conceição),0
Vila Viçosa (São Bartolomeu),0
Albufeira,103
Ferreiras,20
Guia,0
Olhos De Água,20
Paderne,0
Alcoutim,1
Giões,0
Martim Longo,0
Pereiro,0
Vaqueiros,0
Aljezur,0
Bordeira,0
Odeceixe,0
Rogil,0
Altura,4
Azinhal,0
Castro Marim,1
Odeleite,0
Estoi,6
Faro (São Pedro),97
Faro (Sé),157
Montenegro,27
Santa Bárbara De Nexe,2
Carvoeiro,0
Estômbar,5
Ferragudo,2
Parchal,18
Porches,12
Barão De São João,0
Bensafrim,0
Lagos (Santa Maria),70
Lagos (São Sebastião),85
Odiáxere,3
Almansil,64
Alte,0
Ameixial,0
Benafim,0
Boliqueime,21
Loulé (São Clemente),59
Loulé (São Sebastião),29
Quarteira,207
Querença,0
Salir,0
Tôr,0
Alferce,0
Marmelete,0
Monchique,1
Moncarapacho,4
Olhão,15
Pechão,4
Quelfes,16
Alvor,9
Mexilhoeira Grande,3
Portimão,132
São Brás De Alportel,2
Alcantarilha,6
Algoz,1
Armação De Pêra,27
Pêra,5
São Bartolomeu De Messines,8
São Marcos Da Serra,1
Silves,33
Tunes,2
Cabanas De Tavira,5
Cachopo,0
Santa Catarina Da Fonte Do Bispo,0
Tavira (Santa Maria),48
Tavira (Santiago),42
Barão De São Miguel,1
Budens,2
Raposeira,1
Sagres,2
Vila Do Bispo,0
Monte Gordo,36
Vila Nova De Cacela,3
Vila Real De Santo António,42
Aguiar Da Beira,0
Carapito,0
Cortiçada,0
Coruche,2
Eirado,0
Forninhos,0
Gradiz,0
Pena Verde,0
Souto De Aguiar Da Beira,0
Ade,0
Aldeia Nova,0
Almeida,0
Amoreira,0
Cabreira,0
Castelo Bom,0
Castelo Mendo,0
Freineda,0
Freixo,0
Junça,0
Leomil,0
Malhada Sorda,0
Malpartida,0
Mesquitela,0
Mido,0
Miuzela,0
Monte Perobolço,0
Nave De Haver,0
Naves,0
Peva,0
Porto De Ovelha,0
São Pedro De Rio Seco,0
Senouras,0
Vale Da Mula,0
Vale De Coelha,0
Vale Verde,0
Vilar Formoso,0
Açores,0
Baraçal,0
Carrapichana,0
Casas Do Soeiro,0
Celorico (Santa Maria),0
Celorico (São Pedro),2
Cortiçô Da Serra,0
Forno Telheiro,0
Lajeosa Do Mondego,0
Maçal Do Chão,0
Minhocal,0
Prados,0
Rapa,0
Ratoeira,0
Salgueirais,0
Vale De Azares,0
Velosa,0
Vide Entre Vinhas,0
Vila Boa Do Mondego,0
Algodres,0
Almofala,0
Castelo Rodrigo,0
Cinco Vilas,0
Escalhão,0
Figueira De Castelo Rodrigo,0
Freixeda Do Torrão,0
Mata De Lobos,0
Penha De Águia,0
Quintã De Pêro Martins,0
Reigada,0
Vale De Afonsinho,0
Vermiosa,0
Vilar De Amargo,0
Vilar Torpim,0
Casal Vasco,0
Cortiçô,0
Figueiró Da Granja,0
Fornos De Algodres,2
Fuinhas,0
Juncais,0
Maceira,0
Matança,0
Muxagata,0
Queiriz,0
Sobral Pichorro,0
Vila Soeiro Do Chão,0
Aldeias,0
Cativelos,0
Figueiró Da Serra,0
Folgosinho,0
Freixo Da Serra,0
Gouveia (São Julião),0
Gouveia (São Pedro),0
Lagarinhos,0
Mangualde Da Serra,0
Melo,0
Moimenta Da Serra,0
Nabais,0
Paços Da Serra,0
Ribamondego,0
Rio Torto,0
São Paio,0
Vila Cortês Da Serra,0
Vila Franca Da Serra,0
Vila Nova De Tazem,0
Vinhó,0
Adão,0
Albardo,0
Aldeia Viçosa,0
Alvendre,0
Avelãs Da Ribeira,0
Avelãs De Ambom,0
Benespera,0
Carvalhal Meão,0
Casal De Cinza,0
Cavadoude,0
Codesseiro,0
Corujeira,0
Famalicão,0
Fernão Joanes,0
Gonçalo,0
Gonçalo Bocas,0
Guarda (São Vicente),14
Guarda (Sé),0
Jarmelo (São Miguel),0
Jarmelo (São Pedro),0
João Antão,0
Meios,0
Mizarela,0
Monte Margarida,0
Panoias De Cima,1
Pega,0
Pêra Do Moço,0
Pêro Soares,0
Porto Da Carne,0
Ramela,0
Ribeira Dos Carinhos,0
Rocamondo,0
Rochoso,0
Santana Da Azinha,0
São Miguel Da Guarda,2
Seixo Amarelo,0
Sobral Da Serra,0
Trinta,0
Vale De Estrela,0
Valhelhas,0
Vela,0
Videmonte,0
Vila Cortês Do Mondego,0
Vila Fernando,0
Vila Franca Do Deão,0
Vila Garcia,0
Vila Soeiro,0
Manteigas (Santa Maria),0
Manteigas (São Pedro),0
Sameiro,0
Vale De Amoreira,0
Aveloso,0
Barreira,0
Casteição,0
Coriscada,0
Longroiva,0
Marialva,0
Mêda,0
Outeiro De Gatos,0
Pai Penela,0
Poço Do Canto,0
Prova,0
Ranhados,13
Vale Flor,0
Alverca Da Beira,0
Atalaia,6
Azevo,0
Bogalhal,0
Bouça Cova,0
Cerejo,0
Cidadelhe,0
Ervas Tenras,0
Freixedas,0
Lamegal,0
Lameiras,0
Manigoto,0
Pala,0
Pinhel,0
Pínzio,0
Póvoa D' El-Rei,0
Safurdão,0
Santa Eufémia,1
Sorval,0
Souro Pires,0
Valbom,60
Vale De Madeira,0
Vascoveiro,0
Águas Belas,0
Aldeia Da Ponte,0
Aldeia Da Ribeira,0
Aldeia De Santo António,0
Aldeia Velha,0
Alfaiates,0
Badamalos,0
Bendada,0
Bismula,0
Casteleiro,0
Fóios,0
Forcalhos,0
Malcata,0
Nave,0
Pena Lobo,0
Pousafoles Do Bispo,0
Quadrazais,0
Quintas De São Bartolomeu,0
Rapoula Do Côa,0
Rebolosa,0
Rendo,0
Ruivós,0
Ruvina,0
Sabugal,0
Seixo Do Côa,0
Sortelha,0
Vale Das Éguas,0
Vale De Espinho,0
Vale Longo,0
Vila Do Touro,0
Vilar Maior,0
Alvoco Da Serra,0
Cabeça,0
Carragozela,0
Folhadosa,0
Girabolhos,0
Lapa Dos Dinheiros,0
Loriga,0
Pinhanços,0
Sameice,0
Sandomil,0
Santa Comba,0
Santa Marinha,0
Santiago,0
São Martinho,0
São Romão,0
Sazes Da Beira,0
Seia,0
Torrozelo,0
Tourais,0
Travancinha,0
Valezim,0
Várzea De Meruge,0
Vide,0
Vila Cova À Coelheira,0
Carnicães,0
Cogula,0
Cótimos,0
Feital,0
Freches,0
Guilheiro,0
Moimentinha,0
Moreira De Rei,0
Póvoa Do Concelho,0
Reboleiro,0
Rio De Mel,0
Sebadelhe Da Serra,0
Souto Maior,0
Tamanhos,0
Terrenho,0
Torre Do Terrenho,0
Torres,0
Trancoso (Santa Maria),1
Trancoso (São Pedro),2
Valdujo,0
Vale Do Seixo,0
Vila Franca Das Naves,0
Vilares,0
Almendra,0
Castelo Melhor,0
Cedovim,0
Chãs,0
Custóias,130
Freixo De Numão,0
Horta,0
Murça,0
Numão,0
Sebadelhe,0
Seixas,0
Touça,0
Vila Nova De Foz Côa,0
Alcobaça,6
Alfeizerão,0
Aljubarrota (Prazeres),1
Aljubarrota (São Vicente),0
Alpedriz,0
Bárrio,0
Benedita,1
Cela,0
Coz,0
Évora De Alcobaça,0
Maiorga,0
Martingança,0
Montes,0
Pataias,0
São Martinho Do Porto,0
Turquel,0
Vestiaria,0
Vimeiro,0
Almoster,0
Alvaiázere,0
Maçãs De Caminho,0
Maçãs De Dona Maria,0
Pelmá,0
Pussos,0
Rego Da Murta,0
Alvorge,0
Ansião,0
Avelar,0
Chão De Couce,0
Lagarteira,0
Pousaflores,0
Santiago Da Guarda,0
Torre De Vale De Todos,0
Batalha,0
Golpilheira,0
Reguengo Do Fetal,0
São Mamede,82
Bombarral,0
Pó,0
Roliça,0
Vale Covo,0
A Dos Francos,0
Alvorninha,0
Caldas Da Rainha (Nossa Senhora Do Pópulo),1
Caldas Da Rainha (Santo Onofre),3
Carvalhal Benfeito,0
Coto,0
Foz Do Arelho,0
Landal,0
Nadadouro,0
Salir De Matos,0
Salir Do Porto,0
Serra Do Bouro,0
Tornada,0
Vidais,0
Castanheira De Pêra,0
Coentral,0
Aguda,0
Arega,0
Bairradas,0
Campelo,0
Figueiró Dos Vinhos,0
Amor,0
Arrabal,0
Azoia,0
Bajouca,0
Barosa,0
Bidoeira De Cima,0
Boa Vista,0
Caranguejeira,0
Carvide,0
Chainça,0
Coimbrão,0
Colmeias,0
Cortes,0
Leiria,158
Marrazes,51
Memória,0
Milagres,0
Monte Real,0
Monte Redondo,0
Ortigosa,0
Parceiros,4
Pousos,19
Regueira De Pontes,0
Santa Catarina Da Serra,0
Souto De Carpalhosa,0
Marinha Grande,55
Vieira De Leiria,0
Nazaré,5
Valado Dos Frades,0
A Dos Negros,0
Gaeiras,0
Óbidos (Santa Maria),0
Óbidos (São Pedro),0
Olho Marinho,0
Sobral Da Lagoa,0
Usseira,0
Vau,0
Graça,32
Pedrógão Grande,0
Vila Facaia,0
Atouguia Da Baleia,2
Ferrel,2
Peniche (Ajuda),27
Peniche (Conceição),1
Peniche (São Pedro),5
Serra D' El-Rei,0
Abiul,0
Albergaria Dos Doze,0
Carnide,194
Carriço,0
Ilha,0
Louriçal,0
Mata Mourisca,0
Meirinhas,0
Pelariga,0
Redinha,2
Santiago De Litém,0
São Simão De Litém,0
Vermoil,0
Vila Cã,0
Alqueidão Da Serra,0
Alvados,0
Arrimal,0
Calvaria De Cima,4
Juncal,0
Mendiga,0
Mira De Aire,1
Pedreiras,0
Porto De Mós (São João Baptista),2
Porto De Mós (São Pedro),2
Serro Ventoso,0
Abrigada,0
Aldeia Galega Da Merceana,0
Aldeia Gavinha,0
Alenquer (Santo Estêvão),1
Alenquer (Triana),0
Cabanas De Torres,0
Cadafais,0
Carnota,0
Carregado,0
Meca,0
Olhalvo,0
Ota,0
Pereiro De Palhacana,0
Ribafria,0
Vila Verde Dos Francos,0
Alfornelos,39
Alfragide,63
Brandoa,55
Buraca,60
Damaia,69
Falagueira,32
Mina,56
Reboleira,71
Venda Nova,0
Venteira,124
Arranhó,0
Arruda Dos Vinhos,0
Cardosas,0
Santiago Dos Velhos,0
Alcoentre,0
Aveiras De Baixo,0
Aveiras De Cima,2
Azambuja,4
Maçussa,0
Manique Do Intendente,0
Vale Do Paraíso,0
Vila Nova Da Rainha,0
Vila Nova De São Pedro,0
Alguber,0
Cadaval,0
Cercal,1
Figueiros,0
Painho,0
Pêro Moniz,0
Vermelha,0
Alcabideche,112
Carcavelos,87
Cascais,249
Estoril,147
Parede,78
São Domingos De Rana,133
Ajuda,124
Alcântara,170
Alto Do Pina,94
Alvalade,0
Ameixoeira,43
Beato,84
Benfica,332
Campo Grande,268
Campolide,310
Charneca,56
Coração De Jesus,183
Encarnação,12
Lapa,0
Lumiar,367
Mártires,6
Marvila,344
Mercês,13
Pena,0
Penha De França,65
Prazeres,0
Sacramento,10
Santa Engrácia,29
Santa Isabel,96
Santa Maria De Belém,278
Santa Maria Dos Olivais,55
Santo Condestável,91
Santos-O-Velho,90
São Cristóvão E São Lourenço,0
São Domingos De Benfica,337
São Francisco Xavier,123
São João De Brito,329
São João De Deus,192
São Jorge De Arroios,261
São José,63
São Miguel,6
São Nicolau,17
São Paulo,92
São Sebastião Da Pedreira,188
São Vicente De Fora,12
Sé,51
Socorro,0
Apelação,4
Bucelas,6
Camarate,15
Fanhões,2
Frielas,14
Loures,137
Moscavide,40
Prior Velho,22
Sacavém,37
Santo Antão Do Tojal,6
Santo António Dos Cavaleiros,66
São João Da Talha,24
São Julião Do Tojal,77
Unhos,0
Lourinhã,3
Marteleira,0
Miragaia,32
Moita Dos Ferreiros,0
Moledo,0
Reguengo Grande,0
Ribamar,0
São Bartolomeu Dos Galegos,0
Azueira,16
Carvoeira,0
Cheleiros,4
Enxara Do Bispo,0
Ericeira,34
Gradil,5
Mafra,80
Malveira,29
Milharado,0
Santo Estêvão Das Galés,0
Santo Isidoro,0
São Miguel De Alcainça,18
Sobral Da Abelheira,0
Venda Do Pinheiro,10
Vila Franca Do Rosário,15
Caneças,25
Famões,42
Olival De Basto,32
Pontinha,94
Póvoa De Santo Adrião,52
Ramada,29
Algés,172
Barcarena,69
Carnaxide,135
Caxias,46
Cruz Quebrada-Dafundo,25
Linda-A-Velha,120
Oeiras E São Julião Da Barra,263
Paço De Arcos,111
Porto Salvo,71
Queijas,32
Algueirão-Mem Martins,117
Almargem Do Bispo,10
Belas,87
Cacém,54
Casal De Cambra,50
Colares,48
Massamá,63
Mira-Sintra,20
Monte Abraão,81
Montelavar,10
Pêro Pinheiro,42
Queluz,106
Rio De Mouro,132
São João Das Lampas,34
São Marcos,28
Sintra (Santa Maria E São Miguel),141
Sintra (São Martinho),43
Sintra (São Pedro De Penaferrim),114
Terrugem,0
Santo Quintino,0
Sapataria,0
Sobral De Monte Agraço,0
A Dos Cunhados,0
Campelos,0
Carmões,0
Dois Portos,0
Freiria,0
Matacães,0
Maxial,0
Outeiro Da Cabeça,0
Ponte Do Rol,14
Ramalhal,2
Runa,0
São Pedro Da Cadeira,0
Silveira,1
Torres Vedras (Santa Maria Do Castelo E São Migue*,32
Torres Vedras (São Pedro E São Tiago),57
Turcifal,0
Alhandra,14
Alverca Do Ribatejo,89
Cachoeiras,0
Calhandriz,0
Castanheira Do Ribatejo,14
Forte Da Casa,21
Póvoa De Santa Iria,41
Santa Iria De Azoia,32
São João Dos Montes,0
Sobralinho,10
Vialonga,14
Vila Franca De Xira,48
Arco Da Calheta,0
Estreito Da Calheta,0
Fajã Da Ovelha,0
Jardim Do Mar,0
Paúl Do Mar,0
Ponta Do Pargo,0
Câmara De Lobos,0
Curral Das Freiras,0
Estreito De Câmara De Lobos,0
Jardim Da Serra,0
Quinta Grande,0
Funchal (Santa Luzia),0
Funchal (Santa Maria Maior),0
Funchal (São Pedro),0
Funchal (Sé),0
Imaculado Coração De Maria,0
São Gonçalo,0
Água De Pena,0
Caniçal,0
Machico,0
Porto Da Cruz,0
Santo António Da Serra,0
Canhas,0
Madalena Do Mar,0
Ponta Do Sol,0
Achadas Da Cruz,0
Porto Moniz,0
Ribeira Da Janela,0
Seixal,19
Porto Santo,0
,0
Campanário,0
Ribeira Brava,0
Serra De Água,0
Camacha,0
Caniço,0
Gaula,0
Arco De São Jorge,0
Faial,0
São Jorge,0
São Roque Do Faial,0
Boa Ventura,0
São Vicente,0
Alter Do Chão,0
Chancelaria,0
Cunheira,0
Seda,0
Assunção,2
Alcôrrego,0
Avis,0
Benavila,0
Figueira E Barros,0
Maranhão,0
Valongo,112
Nossa Senhora Da Expectação,0
Nossa Senhora Da Graça Dos Degolados,0
São João Baptista,0
Nossa Senhora Da Graça De Póvoa E Meadas,0
Santa Maria Da Devesa,0
Aldeia Da Mata,0
Crato E Mártires,0
Flor Da Rosa,0
Gáfete,0
Monte Da Pedra,0
Vale Do Peso,0
"Ajuda, Salvador E Santo Ildefonso",0
Alcáçova,0
Barbacena,0
Caia E São Pedro,1
São Brás E São Lourenço,0
São Vicente E Ventosa,0
Vila Boim,0
Cabeço De Vide,0
Fronteira,0
São Saturnino,0
Comenda,0
Margem,0
Beirã,0
Santa Maria De Marvão,0
Santo António Das Areias,0
São Salvador Da Aramenha,0
Assumar,0
Monforte,0
Santo Aleixo,0
Vaiamonte,0
Alpalhão,0
Amieira Do Tejo,0
Arez,0
Montalvão,0
Nossa Senhora Da Graça,0
São Simão,28
Tolosa,0
Foros De Arrão,0
Galveias,0
Longomel,0
Montargil,0
Ponte De Sor,0
Tramaga,0
Vale De Açor,0
Alagoa,0
Alegrete,0
Carreiras,0
Fortios,0
Reguengo,0
Ribeira De Nisa,0
São Julião,0
São Lourenço,61
Urra,0
Cano,0
Casa Branca,0
Sousel,0
Aboadela,0
Amarante (São Gonçalo),27
Ansiães,0
Ataíde,4
Bustelo,0
Canadelo,0
Candemil,0
Carneiro,0
Carvalho De Rei,0
Chapa,0
Figueiró (Santa Cristina),0
Figueiró (Santiago),0
Fregim,0
Freixo De Baixo,0
Freixo De Cima,0
Fridão,0
Gatão,0
Gouveia (São Simão),0
Jazente,0
Lufrei,0
Mancelos,0
Olo,0
Padronelo,0
Salvador Do Monte,0
Sanche,0
Telões,0
Vila Caiz,0
Vila Chã Do Marão,0
Ancede,0
Baião (Santa Leocádia),0
Frende,0
Gestaçô,0
Gove,0
Grilo,0
Loivos Da Ribeira,0
Loivos Do Monte,0
Mesquinhata,0
Ovil,0
Ribadouro,0
Santa Cruz Do Douro,0
Santa Marinha Do Zêzere,0
São Tomé De Covelas,0
Teixeiró,0
Tresouras,0
Valadares,0
Viariz,0
Aião,0
Airães,0
Borba De Godim,0
Caramos,0
Idães,0
Jugueiros,0
Macieira Da Lixa,0
Margaride (Santa Eulália),2
Pedreira,0
Pombeiro De Ribavizela,0
Rande,0
Refontoura,0
Regilde,0
Revinhade,0
Santão,0
Sernande,0
Sousa,0
Torrados,0
Unhão,0
Varziela,0
Vila Cova Da Lixa,0
Vila Fria,0
Vizela (São Jorge),0
Baguim Do Monte (Rio Tinto),58
Fânzeres,122
Foz Do Sousa,56
Gondomar (São Cosme),151
Jovim,30
Medas,17
Melres,28
São Pedro Da Cova,65
Barrosas (Santo Estêvão),0
Boim,0
Caíde De Rei,0
Casais,0
Cernadelo,0
Cristelos,2
Figueiras,0
Lodares,0
Lousada (Santa Margarida),0
Lousada (São Miguel),0
Lustosa,0
Macieira,0
Meinedo,0
Ordem,0
Sousela,0
Torno,0
Vilar Do Torno E Alentém,0
Avioso (Santa Maria),30
Avioso (São Pedro),16
Barca,35
Folgosa,0
Gemunde,19
Gondim,2
Gueifães,38
Milheirós,17
Moreira,0
Pedrouços,57
São Pedro Fins,7
Vila Nova Da Telha,4
Alpendurada E Matos,0
Ariz,0
Avessadas,0
Banho E Carvalhosa,0
Constance,0
Favões,0
Folhada,0
Magrelos,0
Manhuncelos,0
Maureles,0
Paços De Gaiolo,0
Paredes De Viadores,0
Penha Longa,0
Rio De Galinhas,0
Rosem,0
São Lourenço Do Douro,0
Soalhães,0
Sobretâmega,0
Tabuado,0
Torrão,0
Toutosa,0
Tuias,2
Várzea Da Ovelha E Aliviada,0
Várzea Do Douro,0
Vila Boa De Quires,0
Vila Boa Do Bispo,0
Guifões,8
Lavra,31
Leça Da Palmeira,196
Leça Do Balio,97
Matosinhos,383
Perafita,60
Santa Cruz Do Bispo,16
São Mamede De Infesta,75
Senhora Da Hora,280
Arreigada,4
Carvalhosa,10
Codessos,0
Eiriz,8
Figueiró,2
Frazão,4
Freamunde,26
Lamoso,0
Meixomil,18
Modelos,2
Paços De Ferreira,27
Penamaior,2
Raimonda,6
Sanfins De Ferreira,0
Seroa,11
Aguiar De Sousa,0
Astromil,0
Baltar,1
Beire,0
Bitarães,2
Castelões De Cepeda,12
Cete,1
Gondalães,0
Mouriz,2
Parada De Todeia,0
Rebordosa,2
Recarei,0
Sobreira,0
Sobrosa,0
Vandoma,1
Vila Cova De Carros,0
Abragão,3
Boelhe,0
Cabeça Santa,2
Capela,0
Croca,4
Eja,8
Figueira,0
Guilhufe,26
Irivo,2
Luzim,7
Marecos,16
Milhundos,21
Novelas,11
Oldrões,2
Paço De Sousa,6
Paredes,4
Penafiel,99
Perozelo,0
Rans,4
Recezinhos (São Mamede),0
Recezinhos (São Martinho),0
Santa Marta,0
Santiago De Subarrifana,2
Sebolido,2
Valpedre,2
Aldoar,80
Bonfim,106
Campanhã,287
Cedofeita,158
Foz Do Douro,140
Lordelo Do Ouro,233
Massarelos,149
Ramalde,324
Santo Ildefonso,148
Vitória,52
A Ver-O-Mar,26
Aguçadoura,0
Amorim,4
Argivai,7
Beiriz,6
Estela,4
Laundos,0
Navais,4
Póvoa De Varzim,102
Rates,4
Terroso,2
Água Longa,20
Aves,9
Burgães,11
Campo (São Martinho),10
Couto (Santa Cristina),19
Couto (São Miguel),4
Guimarei,0
Lamelas,10
Monte Córdova,9
Negrelos (São Mamede),0
Negrelos (São Tomé),8
Rebordões,6
Refojos De Riba De Ave,0
Reguenga,0
Santo Tirso,80
São Salvador Do Campo,0
Sequeiró,0
Alvarelhos,0
Bougado (Santiago),31
Bougado (São Martinho),68
Coronado (São Mamede),11
Coronado (São Romão),18
Guidões,14
Muro,13
Alfena,38
Ermesinde,128
Árvore,33
Azurara,10
Bagunte,0
Canidelo,108
Fajozes,2
Ferreiró,0
Fornelo,0
Guilhabreu,0
Labruge,1
Macieira Da Maia,6
Malta,0
Mindelo,25
Modivas,5
Outeiro Maior,0
Retorta,0
Tougues,0
Touguinha,0
Touguinhó,0
Vairão,0
Vila Do Conde,258
Vilar De Pinheiro,12
Avintes,51
Crestuma,9
Gulpilhares,48
Lever,14
Mafamude,274
Olival,0
Oliveira Do Douro,0
Pedroso,62
Perosinho,16
Sandim,18
São Félix Da Marinha,31
São Pedro Da Afurada,19
Seixezelo,6
Sermonde,4
Vila Nova De Gaia (Santa Marinha),298
Vilar De Andorinho,74
Vilar Do Paraíso,66
Abrantes (São João),15
Abrantes (São Vicente),16
Aldeia Do Mato,0
Alferrarede,1
Alvega,0
Concavada,0
Fontes,0
Martinchel,0
Mouriscas,0
Pego,0
Rossio Ao Sul Do Tejo,1
São Facundo,0
São Miguel Do Rio Torto,1
Tramagal,0
Vale De Mós,0
Alcanena,0
Bugalhos,0
Espinheiro,0
Louriceira,0
Malhou,0
Minde,0
Moitas Venda,0
Serra De Santo António,0
Vila Moreira,0
Almeirim,10
Benfica Do Ribatejo,0
Fazendas De Almeirim,0
Raposa,0
Alpiarça,11
Barrosa,0
Benavente,5
Samora Correia,22
Cartaxo,28
Pontével,0
Valada,0
Vale Da Pedra,0
Vale Da Pinta,0
Vila Chã De Ourique,2
Carregueira,0
Chamusca,0
Chouto,0
Parreira,0
Pinheiro Grande,0
Ulme,0
Vale De Cavalos,0
Constância,0
Montalvo,0
Santa Margarida Da Coutada,0
Biscainho,0
Couço,0
Erra,0
Fajarda,0
Santana Do Mato,0
São José Da Lamarosa,0
Beco,0
Chãos,0
Dornes,0
Ferreira Do Zêzere,0
Igreja Nova Do Sobral,0
Paio Mendes,0
Azinhaga,0
Golegã,0
Aboboreira,0
Amêndoa,0
Cardigos,0
Envendos,0
Mação,0
Ortiga,0
Penhascoso,0
Alburitel,0
Atouguia,0
Casal Dos Bernardos,0
Caxarias,0
Espite,0
Fátima,2
Formigais,0
Freixianda,0
Gondemaria,0
Matas,0
Nossa Senhora Da Piedade,8
Nossa Senhora Das Misericórdias,0
Ribeira Do Farrio,0
Rio De Couros,0
Seiça,0
Urqueira,0
Alcobertas,0
Arrouquelas,0
Arruda Dos Pisões,0
Asseiceira,0
Assentiz,0
Azambujeira,0
Fráguas,0
Malaqueijo,0
Marmeleira,0
Outeiro Da Cortiçada,0
Ribeira De São João,0
Rio Maior,7
São João Da Ribeira,0
São Sebastião,0
Foros De Salvaterra,0
Glória Do Ribatejo,0
Granho,0
Marinhais,0
Muge,0
Salvaterra De Magos,0
Abitureiras,0
Abrã,0
Achete,0
Alcanede,0
Alcanhões,0
Amiais De Baixo,0
Arneiro Das Milhariças,0
Azoia De Baixo,0
Azoia De Cima,0
Gançaria,0
Moçarria,0
Pernes,0
Póvoa Da Isenta,0
Póvoa De Santarém,2
Romeira,0
Santa Iria Da Ribeira De Santarém,1
Santarém (Marvila),24
Santarém (São Nicolau),34
Santarém (São Salvador),32
São Vicente Do Paul,0
Tremês,0
Vale De Figueira,0
Vale De Santarém,0
Alcaravela,0
Santiago De Montalegre,0
Sardoal,0
Valhascos,0
Além Da Ribeira,0
Alviobeira,0
Beselga,0
Carregueiros,0
Junceira,0
Olalhas,0
Paialvo,0
Sabacheira,0
São Pedro De Tomar,0
Serra,0
Tomar (São João Baptista),32
Alcorochel,0
Brogueira,0
Lapas,1
Meia Via,0
Olaia,0
Paço,0
Parceiros De Igreja,0
Riachos,2
Ribeira Branca,1
Torres Novas (Salvador),10
Torres Novas (Santa Maria),26
Torres Novas (Santiago),0
Torres Novas (São Pedro),39
Zibreira,0
Moita Do Norte,0
Praia Do Ribatejo,0
Tancos,0
Vila Nova Da Barquinha,0
Alcácer Do Sal (Santa Maria Do Castelo),2
Alcácer Do Sal (Santiago),3
Comporta,0
Santa Susana,0
Alcochete,33
Samouco,0
São Francisco,4
Almada,101
Cacilhas,106
Caparica,99
Charneca De Caparica,73
Costa Da Caparica,83
Cova Da Piedade,91
Feijó,64
Laranjeiro,119
Pragal,63
Sobreda,63
Trafaria,41
Alto Do Seixalinho,71
Barreiro,72
Coina,11
Lavradio,49
Santo André,0
Santo António Da Charneca,7
Verderena,27
Azinheira Dos Barros E São Mamede Do Sádão,0
Grândola,9
Melides,0
Santa Margarida Da Serra,0
Alhos Vedros,20
Baixa Da Banheira,30
Gaio-Rosário,0
Sarilhos Pequenos,0
Vale Da Amoreira,5
Afonsoeiro,69
Alto-Estanqueiro-Jardia,40
Canha,6
Montijo,148
Pegões,22
Santo Isidro De Pegões,0
Sarilhos Grandes,23
Marateca,2
Palmela,8
Pinhal Novo,16
Poceirão,1
Quinta Do Anjo,21
Abela,0
Ermidas-Sado,0
Santiago Do Cacém,4
São Bartolomeu Da Serra,0
São Domingos,0
São Francisco Da Serra,0
Vale De Água,0
Aldeia De Paio Pires,72
Amora,211
Arrentela,191
Corroios,201
Fernão Ferro,35
Quinta Do Conde,58
Sesimbra (Castelo),54
Sesimbra (Santiago),24
Gâmbia-Pontes-Alto Da Guerra,16
Sado,8
Setúbal (Nossa Senhora Da Anunciada),57
Setúbal (Santa Maria Da Graça),80
Setúbal (São Julião),58
Setúbal (São Sebastião),183
Porto Covo,0
Sines,2
Aboim Das Choças,0
Aguiã,0
Alvora,0
Arcos De Valdevez (São Paio),0
Arcos De Valdevez (São Salvador),0
Cabana Maior,0
Cabreiro,0
Carralcova,0
Cendufe,0
Ermelo,0
Extremo,0
Gavieira,0
Giela,0
Grade,0
Guilhadeses,0
Jolda (Madalena),0
Jolda (São Paio),0
Loureda,0
Mei,0
Miranda,0
Paçô,0
Padreiro (Salvador),0
Padreiro (Santa Cristina),0
Padroso,0
Rio Cabrão,0
Sá,0
Sabadim,0
Santar,0
São Cosme E São Damião,0
Senharei,0
Sistelo,0
Soajo,0
Tabaçô,0
Távora (Santa Maria),0
Távora (São Vicente),0
Vila Fonche,0
Âncora,0
Arga De Baixo,0
Arga De Cima,0
Arga De São João,0
Argela,0
Azevedo,0
Caminha (Matriz),16
Dem,0
Lanhelas,0
Orbacém,0
Riba De Âncora,0
Venade,0
Vila Praia De Âncora,4
Vilar De Mouros,0
Vilarelho,2
Vile,0
Alvaredo,0
Castro Laboreiro,0
Chaviães,0
Cousso,0
Cristoval,0
Cubalhão,0
Gave,0
Lamas De Mouro,0
Paços,0
Parada Do Monte,0
Penso,0
Prado,0
Remoães,0
Roussas,1
Vila,0
Abedim,0
Anhões,0
Badim,0
Barbeita,0
Barroças E Taias,0
Bela,0
Ceivães,0
Lapela,0
Lara,0
Longos Vales,0
Luzio,0
Mazedo,0
Merufe,0
Messegães,0
Monção,0
Pinheiros,0
Podame,0
Riba De Mouro,0
Sago,0
Segude,0
Tangil,0
Troporiz,0
Troviscoso,0
Trute,0
Agualonga,0
Coura,0
Formariz,0
Insalde,0
Padornelo,0
Paredes De Coura,0
Porreiras,0
Resende,0
Romarigães,0
Rubiães,0
Vascões,0
Azias,0
Boivães,0
Bravães,0
Crasto,0
Cuide De Vila Verde,0
Entre Ambos-Os-Rios,0
Germil,0
Grovelas,0
Lavradas,0
Lindoso,0
Paço Vedro De Magalhães,0
Ponte Da Barca,0
Ruivos,0
Sampriz,0
Touvedo (Salvador),0
Touvedo (São Lourenço),0
Vade (São Pedro),0
Vade (São Tomé),0
Vila Chã (Santiago),0
Vila Chã (São João Baptista),0
Vila Nova De Muía,0
Anais,0
Arca,0
Beiral Do Lima,0
Bertiandos,0
Boalhosa,0
Brandara,0
Cabaços,0
Cabração,0
Calheiros,0
Calvelo,0
Cepões,0
Correlhã,0
Facha,0
Feitosa,1
Fojo Lobal,0
Fontão,0
Friastelas,0
Gaifar,0
Gemieira,0
Gondufe,0
Labruja,1
Labrujó,0
Mato,0
Moreira Do Lima,0
Navió,0
Ponte De Lima,0
Queijada,0
Rebordões (Santa Maria),0
Rebordões (Souto),0
Refóios Do Lima,0
Sandiães,0
Santa Cruz Do Lima,0
Seara,0
Serdedelo,0
Vilar Das Almas,1
Vitorino Das Donas,0
Vitorino Dos Piães,0
Arão,0
Boivão,0
Cerdal,0
Cristelo Covo,0
Fontoura,0
Friestas,0
Ganfei,0
Gondomil,0
São Pedro Da Torre,0
Taião,0
Valença,1
Verdoejo,0
Afife,0
Alvarães,0
Amonde,0
Anha,0
Areosa,2
Barroselas,0
Cardielos,0
Carreço,0
Castelo Do Neiva,0
Chafé,0
Darque,11
Deão,0
Deocriste,0
Freixieiro De Soutelo,0
Geraz Do Lima (Santa Leocádia),0
Lanheses,0
Mazarefes,0
Meadela,20
Moreira De Geraz Do Lima,0
Mujães,0
Neiva,0
Perre,0
Portela Susã,0
Santa Maria de Geraz Do Lima,0
Santa Marta De Portuzelo,0
Serreleis,0
Subportela,0
unknown-1,0
Viana Do Castelo (Monserrate),21
Viana Do Castelo (Santa Maria Maior),59
Vila De Punhe,0
Vila Franca,0
Vila Mou,0
Vilar De Murteda,0
Cornes,0
Gondarém,0
Loivo,0
Lovelhe,0
Mentrestido,0
Reboreda,0
Sapardos,0
Sopo,0
Vila Meã,0
Vila Nova De Cerveira,0
Alijó,0
Amieiro,0
Carlão,0
Casal De Loivos,0
Cotas,0
Favaios,0
Pegarinhos,0
Pinhão,0
Pópulo,0
Sanfins Do Douro,0
Santa Eugénia,0
São Mamede De Ribatua,0
Vale De Mendiz,0
Vilar De Maçada,0
Vilarinho De Cotas,0
Alturas Do Barroso,0
Ardãos,0
Beça,0
Boticas,0
Cerdedo,0
Codessoso,0
Covas Do Barroso,0
Curros,0
Fiães Do Tâmega,0
Pinho,0
São Salvador De Viveiro,0
Sapiãos,0
Águas Frias,0
Anelhe,0
Arcossó,0
Cimo De Vila Da Castanheira,0
Curalha,0
Ervededo,0
Faiões,0
Lama De Arcos,0
Loivos,0
Mairos,0
Moreiras,0
Nogueira Da Montanha,0
Oucidres,0
Oura,0
Outeiro Seco,0
Póvoa De Agrações,0
Redondelo,0
Samaiões,3
Sanjurge,0
Santa Cruz/Trindade,0
Santa Leocádia,0
Santa Maria Maior,0
Santo António De Monforte,0
São Julião De Montenegro,0
São Pedro De Agostém,0
Seara Velha,0
Selhariz,0
Soutelinho Da Raia,0
Travancas,0
Tronco,0
Vale De Anta,0
Vidago,0
Vila Verde Da Raia,0
Vilar De Nantes,0
Vilarelho Da Raia,0
Vilarinho Das Paranheiras,0
Vilela Do Tâmega,0
Vilela Seca,0
Mesão Frio (Santa Cristina),0
Mesão Frio (São Nicolau),0
Vila Jusã,0
Vila Marim,0
Atei,0
Bilhó,0
Campanhó,0
Mondim De Basto,0
Paradança,0
Pardelhas,0
Vilar De Ferreiros,0
Cambeses Do Rio,0
Cervos,0
Chã,0
Contim,0
Covelães,0
Covelo Do Gerês,0
Donões,0
Ferral,0
Fervidelas,0
Fiães Do Rio,0
Gralhas,0
Meixide,0
Montalegre,0
Morgade,0
Mourilhe,0
Negrões,0
Padornelos,0
Pitões Das Junias,0
Pondras,0
Reigoso,0
Salto,0
Sarraquinhos,0
Sezelhe,0
Solveira,0
Tourém,0
Viade De Baixo,0
Vila Da Ponte,0
Vilar De Perdizes (São Miguel),0
Carva,0
Fiolhoso,0
Jou,0
Noura,0
Palheiros,0
Valongo De Milhais,0
Covelinhas,0
Fontelas,0
Galafura,0
Godim,0
Moura Morta,0
Peso Da Régua,0
Sedielos,0
Vilarinho Dos Freires,0
Alvadia,0
Cerva,0
Limões,0
Ribeira De Pena (Salvador),0
Santo Aleixo De Além-Tâmega,0
Covas Do Douro,0
Gouvães Do Douro,0
Gouvinhas,0
Parada De Pinhão,0
Paradela De Guiães,0
Provesende,0
Sabrosa,0
São Cristovão Do Douro,0
São Lourenço De Ribapinhão,0
São Martinho De Antas,0
Torre Do Pinhão,0
Vilarinho De São Romão,0
Alvações Do Corgo,0
Cumieira,0
Lobrigos (São João Baptista),0
Lobrigos (São Miguel),0
Medrões,0
Sever,0
Água Revés E Crasto,0
Algeriz,0
Bouçoães,0
Canaveses,0
Carrazedo De Montenegro,0
Ervões,0
Fornos Do Pinhal,0
Friões,0
Lebução,0
Nozelos,0
Padrela E Tazem,0
Possacos,0
Santa Maria De Emeres,0
Santa Valha,0
Santiago Da Ribeira De Alhariz,0
São João Da Corveira,0
São Pedro De Veiga De Lila,0
Sonim,0
Tinhela,0
Valpaços,0
Vassal,0
Veiga De Lila,0
Vilarandelo,0
Afonsim,0
Alfarela De Jales,0
Bornes De Aguiar,0
Bragado,0
Capeludos,0
Gouvães Da Serra,0
Lixa Do Alvão,0
Parada De Monteiros,0
Pensalvos,0
Sabroso De Aguiar,0
Santa Marta Da Montanha,0
Soutelo De Aguiar,0
Tresminas,0
Valoura,0
Vila Pouca De Aguiar,1
Vreia De Bornes,0
Vreia De Jales,0
Abaças,0
Adoufe,0
Andrães,0
Arroios,0
Borbela,0
Campeã,0
Folhadela,0
Guiães,0
Justes,0
Lamares,0
Lamas De Olo,0
Mateus,0
Mondrões,0
Mouçós,0
Parada De Cunhos,0
Quintã,0
São Tomé Do Castelo,0
Torgueda,0
Vale De Nogueiras,0
Vila Real (Nossa Senhora Da Conceição),0
Vila Real (São Dinis),0
Vila Real (São Pedro),0
Vilarinho De Samardã,0
Aricera,0
Armamar,0
Cimbres,0
Fontelo,0
Goujoim,0
Queimada,0
Santo Adrião,0
São Cosmado,0
São Martinho Das Chãs,0
Tões,0
Vacalar,0
Beijós,0
Cabanas De Viriato,0
Currelos,2
Oliveira Do Conde,0
Papízios,0
Sobral De Papízios,0
Alva,0
Castro Daire,0
Cujó,0
Ester,0
Gafanhão,0
Gosende,0
Mamouros,0
Mezio,0
Mões,0
Monteiras,0
Parada De Ester,0
Pepim,0
Picão,0
Reriz,0
Ribolhos,0
São Joaninho,0
Alhões,0
Cinfães,1
Ferreiros De Tendais,0
Gralheira,0
Ramires,0
Santiago De Piães,0
São Cristovão De Nogueira,0
Souselo,0
Tarouquela,0
Tendais,0
Avões,0
Bigorne,0
Britiande,0
Cambres,0
Ferreirim,0
Ferreiros De Avões,0
Lalim,0
Lamego (Almacave),0
Lamego (Sé),0
Lazarim,0
Magueija,0
Meijinhos,0
Melcões,0
Parada Do Bispo,0
Penajóia,0
Penude,0
Pretarouca,0
Samodães,0
Valdigem,0
Várzea De Abrunhais,0
Vila Nova De Souto D' El-Rei,0
Abrunhosa-A-Velha,0
Alcafache,0
Chãs De Tavares,0
Cunha Alta,0
Cunha Baixa,0
Fornos De Maceira Dão,0
Freixiosa,0
Lobelhe Do Mato,0
Mangualde,5
Moimenta De Maceira Dão,0
Póvoa De Cervães,0
Quintela De Azurara,0
Santiago De Cassurrães,0
São João Da Fresta,0
Travanca De Tavares,0
Várzea De Tavares,0
Aldeia De Nacomba,0
Arcozelos,0
Baldos,0
Moimenta Da Beira,0
Nagosa,0
Paradinha,0
Pêra Velha,0
Rua,0
Segões,0
Almaça,0
Cercosa,0
Mortágua,1
Trezói,0
Vale De Remígio,0
Aguieira,0
Canas De Senhorim,0
Carvalhal Redondo,0
Lapa Do Lobo,0
Nelas,6
Senhorim,0
Arcozelo Das Maias,0
Destriz,0
Oliveira De Frades,0
Ribeiradio,0
São João Da Serra,0
São Vicente De Lafões,0
Sejães,0
Souto De Lafões,0
Varzielas,0
Castelo De Penalva,0
Esmolfe,0
Ínsua,0
Lusinde,0
Mareco,0
Pindo,0
Trancozelos,0
Vila Cova Do Covelo,0
Castainço,0
Ourozinho,0
Penedono,0
Penela Da Beira,0
Póvoa De Penela,0
Anreade,0
Cárquere,0
Feirão,0
Freigil,0
Miomães,0
Ovadas,0
Panchorra,0
Paus,0
São Cipriano,0
São João De Fontoura,0
São Martinho De Mouros,0
São Romão De Aregos,0
Couto Do Mosteiro,0
Nagozela,0
Ovoa,0
Pinheiro De Ázere,0
Santa Comba Dão,1
São João De Areias,0
Treixedo,0
Castanheiro Do Sul,0
Ervedosa Do Douro,0
Espinhosa,0
Nagozelo Do Douro,0
Paredes Da Beira,0
Riodades,0
São João Da Pesqueira,0
Soutelo Do Douro,0
Trevões,0
Valongo Dos Azeites,0
Várzea De Trevões,0
Vilarouco,0
Baiões,0
Bordonhos,0
Candal,0
Covas Do Rio,0
Figueiredo De Alva,0
Manhouce,0
Pindelo Dos Milagres,0
Santa Cruz Da Trapa,0
São Cristovão De Lafões,0
São Félix,0
São Martinho Das Moitas,0
São Pedro Do Sul,0
Serrazes,0
Sul,0
Águas Boas,0
Avelal,0
Decermilo,0
Ferreira De Aves,0
Forles,0
Mioma,0
Romãs,0
São Miguel De Vila Boa,0
Sátão,0
Silvã De Cima,0
Vila Longa,0
Arnas,0
Carregal,0
Chosendo,0
Escurquela,0
Freixinho,0
Granjal,0
Lamosa,0
Quintela,0
Sarzeda,0
Sernancelhe,0
Adorigo,0
Barcos,0
Chavães,0
Desejosa,0
Granja Do Tedo,0
Granjinha,0
Longra,0
Tabuaço,0
Távora,0
Valença Do Douro,0
Dálvares,0
Gouviães,0
Granja Nova,0
Mondim Da Beira,0
Salzedas,0
São João De Tarouca,0
Tarouca,0
Ucanha,0
Várzea Da Serra,0
Vila Chã Da Beira,0
Barreiro De Besteiros,0
Campo De Besteiros,0
Canas De Santa Maria,0
Caparrosa,0
Dardavaz,0
Ferreirós Do Dão,0
Guardão,0
Lajeosa Do Dão,0
Lobão Da Beira,0
Molelos,0
Mosteirinho,0
Mosteiro De Fráguas,0
Mouraz,0
Nandufe,0
Parada De Gonta,0
Sabugosa,0
Santiago De Besteiros,0
São João Do Monte,0
São Miguel Do Outeiro,0
Tonda,0
Tondela,0
Tourigo,0
Vilar De Besteiros,0
Alhais,0
Pendilhe,0
Queiriga,0
Touro,0
Vila Nova De Paiva,0
Abraveses,13
Boa Aldeia,0
Bodiosa,0
Calde,0
Cavernães,0
Cota,0
Couto De Baixo,0
Couto De Cima,0
Fail,0
Farminhão,0
Fragosela,0
Lordosa,0
Mundão,0
Orgens,0
Povolide,0
Repeses,5
Ribafeita,0
Rio De Loba,7
Santos Evos,0
São João De Lourosa,0
São Pedro De France,0
Silgueiros,0
Torredeita,0
Vil De Souto,0
Vila Chã De Sá,0
Viseu (Coração De Jesus),33
Viseu (Santa Maria De Viseu),49
Viseu (São José),35
Alcofra,0
Cambra,0
Campia,2
Carvalhal De Vermilhas,0
Fataunços,0
Figueiredo Das Donas,0
Fornelo Do Monte,0
Paços De Vilharigues,0
Queirã,0
Vouzela,0
